Date,Placed,Speed,Acc,Race Time,Money,XP
01/07/25 7:44 AM,5TH / 5,53WPM,90.44%,30.68 SECS,"$1,866",506
01/07/25 7:45 AM,5TH / 5,57WPM,97.04%,28.443 SECS,"$1,924",539
01/07/25 7:48 AM,5TH / 5,55WPM,95.56%,29.385 SECS,"$1,895",525
01/07/25 7:50 AM,2ND / 5,55WPM,94.07%,25.854 SECS,"$52,200","1,570"
01/07/25 7:55 AM,2ND / 5,63WPM,96.77%,23.616 SECS,"$2,266",611
01/07/25 7:56 AM,1ST / 5,62WPM,99.12%,22.184 SECS,"$2,474",679
01/07/25 7:58 AM,1ST / 5,57WPM,96.69%,25.421 SECS,"$2,364",619
01/07/25 8:01 AM,1ST / 5,74WPM,100%,19.383 SECS,"$2,598",728
01/07/25 8:05 AM,2ND / 5,72WPM,98.52%,22.363 SECS,"$2,384",679
01/07/25 8:07 AM,5TH / 5,59WPM,98.44%,26.213 SECS,"$2,078",668
01/07/25 8:09 AM,2ND / 5,59WPM,93.75%,25.944 SECS,"$2,318",688
01/07/25 8:10 AM,1ST / 5,65WPM,98.47%,24.029 SECS,"$5,760","3,990"
01/07/25 8:10 AM,4TH / 5,57WPM,96.3%,28.423 SECS,"$2,129",669
01/07/25 8:11 AM,5TH / 5,51WPM,97.67%,30.157 SECS,"$2,102",692
01/07/25 8:12 AM,5TH / 5,55WPM,93.71%,31.253 SECS,"$2,020",660
01/07/25 8:13 AM,1ST / 5,58WPM,95.83%,24.967 SECS,"$2,501",771
01/07/25 8:14 AM,2ND / 5,60WPM,96.12%,25.909 SECS,"$2,405",765
01/07/25 8:15 AM,4TH / 5,59WPM,91.34%,25.833 SECS,"$2,178",728
01/07/25 8:15 AM,1ST / 5,79WPM,99.22%,19.345 SECS,"$2,688",893
01/07/25 8:16 AM,1ST / 5,62WPM,95.24%,24.55 SECS,"$2,524",804
01/07/25 8:17 AM,1ST / 5,62WPM,95.76%,22.663 SECS,"$8,959","7,229"
01/07/25 8:18 AM,1ST / 5,71WPM,95.52%,22.694 SECS,"$2,587",857
01/08/25 10:43 AM,1ST / 5,68WPM,94.85%,24.163 SECS,"$2,336",616
01/08/25 10:44 AM,1ST / 5,64WPM,95.59%,25.657 SECS,"$2,353",623
01/08/25 10:44 AM,1ST / 5,63WPM,96.97%,25.314 SECS,"$2,376",631
01/08/25 10:45 AM,1ST / 5,69WPM,97.78%,23.44 SECS,"$2,438",668
01/08/25 10:46 AM,1ST / 5,70WPM,97.2%,24.491 SECS,"$52,390","1,645"
01/08/25 10:46 AM,2ND / 5,65WPM,97.62%,23.096 SECS,"$2,320",640
01/09/25 11:09 AM,1ST / 5,66WPM,97.01%,24.275 SECS,"$2,382",637
01/09/25 11:14 AM,1ST / 5,66WPM,95.49%,24.091 SECS,"$2,332",612
01/09/25 11:17 AM,2ND / 5,71WPM,95.04%,23.748 SECS,"$2,232",602
01/09/25 11:19 AM,5TH / 5,63WPM,95.07%,26.918 SECS,"$1,886",526
01/09/25 11:20 AM,1ST / 5,68WPM,97.04%,23.995 SECS,"$4,186","2,441"
01/09/25 11:21 AM,1ST / 5,77WPM,98.54%,21.308 SECS,"$2,504",709
01/09/25 11:23 AM,1ST / 5,69WPM,97.9%,24.963 SECS,"$52,438","1,668"
01/09/25 11:23 AM,1ST / 5,69WPM,98.56%,24.285 SECS,"$2,488",693
01/09/25 11:25 AM,4TH / 5,60WPM,97.83%,27.749 SECS,"$2,090",590
01/09/25 11:26 AM,1ST / 5,66WPM,98.58%,25.466 SECS,"$5,082","3,287"
01/09/25 11:28 AM,2ND / 5,66WPM,95.65%,25.275 SECS,"$2,357",717
01/09/25 11:32 AM,5TH / 5,59WPM,95.17%,29.371 SECS,"$2,008",648
01/09/25 11:32 AM,5TH / 5,63WPM,97.06%,26.059 SECS,"$2,056",671
01/09/25 11:33 AM,1ST / 5,69WPM,99.22%,22.354 SECS,"$5,828","4,033"
01/10/25 1:05 PM,1ST / 5,75WPM,93.43%,21.941 SECS,"$2,350",630
01/10/25 1:06 PM,1ST / 5,64WPM,94.78%,24.943 SECS,"$2,328",608
01/10/25 1:06 PM,1ST / 5,71WPM,98.4%,21.184 SECS,"$2,442",672
01/10/25 1:07 PM,1ST / 5,69WPM,99.32%,25.521 SECS,"$2,488",693
01/10/25 1:09 PM,5TH / 5,65WPM,97.28%,27.278 SECS,"$1,940",555
01/10/25 1:10 PM,5TH / 5,60WPM,93.43%,27.204 SECS,"$1,880",520
01/10/25 1:11 PM,1ST / 5,67WPM,96.38%,24.867 SECS,"$2,359",629
01/10/25 1:33 PM,1ST / 5,70WPM,97.12%,23.826 SECS,"$2,390",645
01/10/25 1:33 PM,5TH / 5,66WPM,93.88%,26.891 SECS,"$1,892",532
01/10/25 1:35 PM,1ST / 5,75WPM,97.95%,23.491 SECS,"$2,550",780
01/10/25 1:36 PM,3RD / 5,63WPM,95.52%,25.36 SECS,"$2,241",691
01/10/25 2:11 PM,1ST / 5,70WPM,95.92%,25.098 SECS,"$2,365",635
01/10/25 2:13 PM,1ST / 5,70WPM,96.6%,25.084 SECS,"$2,390",645
01/10/25 7:47 AM,2ND / 5,69WPM,97.71%,22.825 SECS,"$2,328",648
01/10/25 7:48 AM,3RD / 5,63WPM,95.56%,25.743 SECS,"$2,131",581
01/10/25 7:49 AM,3RD / 5,56WPM,93.65%,26.79 SECS,"$2,092",552
01/10/25 7:50 AM,1ST / 5,74WPM,95.35%,21.012 SECS,"$2,348",628
01/10/25 7:51 AM,1ST / 5,64WPM,96.92%,24.333 SECS,"$2,378",633
01/10/25 7:53 AM,3RD / 5,66WPM,94.41%,25.823 SECS,"$2,112",572
01/10/25 7:54 AM,1ST / 5,70WPM,96.95%,22.55 SECS,"$4,190","2,445"
01/10/25 7:55 AM,2ND / 5,60WPM,94.03%,26.579 SECS,"$2,210",580
01/10/25 7:58 AM,1ST / 5,66WPM,93.33%,24.493 SECS,"$4,132","2,412"
01/10/25 7:59 AM,5TH / 5,62WPM,96.5%,27.652 SECS,"$2,034",649
01/10/25 8:00 AM,1ST / 5,67WPM,96.3%,24.264 SECS,"$2,469",739
01/10/25 8:01 AM,5TH / 5,58WPM,95.24%,30.543 SECS,"$1,996",636
01/10/25 8:02 AM,4TH / 5,68WPM,96.69%,26.753 SECS,"$2,196",721
01/10/25 8:02 AM,2ND / 5,69WPM,98.53%,23.728 SECS,"$2,508",803
01/10/25 8:03 AM,1ST / 5,71WPM,99.21%,21.454 SECS,"$2,642",847
01/10/25 8:04 AM,3RD / 5,63WPM,95.59%,25.747 SECS,"$4,791","3,241"
01/16/25 7:38 AM,5TH / 5,65WPM,93.33%,27.485 SECS,"$1,890",530
01/16/25 7:39 AM,2ND / 5,65WPM,95.86%,26.807 SECS,"$2,245",605
01/16/25 7:39 AM,5TH / 5,62WPM,97.3%,28.77 SECS,"$1,934",549
01/16/25 7:40 AM,5TH / 5,53WPM,95.62%,30.933 SECS,"$1,891",521
01/16/25 7:41 AM,2ND / 5,70WPM,100%,24.072 SECS,"$2,480",700
01/16/25 7:42 AM,2ND / 5,66WPM,98.59%,25.788 SECS,"$2,372",667
01/16/25 7:43 AM,4TH / 5,58WPM,93.6%,25.72 SECS,"$1,986",536
01/16/25 7:43 AM,4TH / 5,60WPM,96.35%,27.376 SECS,"$2,015",555
01/16/25 7:44 AM,5TH / 5,58WPM,96.12%,26.538 SECS,"$1,901",531
01/16/25 7:45 AM,2ND / 5,66WPM,97.74%,24.291 SECS,"$4,232","2,552"
01/16/25 7:45 AM,3RD / 5,54WPM,95.28%,28.041 SECS,"$2,188",648
01/16/25 7:46 AM,1ST / 5,65WPM,97.76%,24.622 SECS,"$5,750","3,980"
01/16/25 7:57 AM,1ST / 5,67WPM,96.9%,23.208 SECS,"$2,524",779
01/16/25 7:57 AM,1ST / 5,64WPM,97.62%,23.715 SECS,"$2,558",788
01/16/25 7:58 AM,5TH / 5,54WPM,90.55%,28.241 SECS,"$2,018",658
01/16/25 7:59 AM,1ST / 5,69WPM,96.06%,22.147 SECS,"$2,533",803
01/16/25 7:59 AM,1ST / 5,67WPM,96.06%,22.787 SECS,"$2,519",789
01/16/25 8:01 AM,4TH / 5,61WPM,94.96%,27.381 SECS,"$2,182",732
01/16/25 8:01 AM,5TH / 5,56WPM,91.24%,29.392 SECS,"$2,052",692
01/16/25 8:02 AM,1ST / 5,61WPM,98.44%,25.071 SECS,"$5,122","3,352"
01/16/25 8:03 AM,1ST / 5,67WPM,98.4%,22.34 SECS,"$2,694",924
01/16/25 8:07 AM,2ND / 5,64WPM,95.42%,24.459 SECS,"$2,498",868
01/16/25 8:07 AM,1ST / 5,65WPM,97.08%,25.398 SECS,"$2,600",855
01/16/25 8:08 AM,5TH / 5,57WPM,90.37%,28.65 SECS,"$2,114",754
01/20/25 8:10 AM,1ST / 5,64WPM,97.01%,25.102 SECS,"$2,378",633
01/20/25 8:40 AM,5TH / 5,48WPM,90.91%,33.313 SECS,"$1,856",496
01/20/25 8:43 AM,3RD / 5,63WPM,94.89%,26.193 SECS,"$2,106",566
01/21/25 10:19 AM,1ST / 5,70WPM,97.58%,21.197 SECS,"$2,440",670
01/21/25 10:20 AM,4TH / 5,63WPM,95.59%,25.757 SECS,"$2,021",561
01/21/25 10:23 AM,1ST / 5,63WPM,95.28%,24.383 SECS,"$2,326",606
01/21/25 10:25 AM,1ST / 5,71WPM,97.6%,21.274 SECS,"$2,442",672
01/21/25 2:35 PM,1ST / 5,67WPM,96.12%,23.11 SECS,"$4,159","2,429"
01/21/25 2:37 PM,1ST / 5,65WPM,96.95%,24.146 SECS,"$2,380",635
01/21/25 2:38 PM,1ST / 5,64WPM,94.53%,23.856 SECS,"$2,328",608
01/21/25 2:38 PM,1ST / 5,81WPM,99.27%,20.323 SECS,"$2,512",717
01/21/25 2:39 PM,1ST / 5,82WPM,99.21%,18.393 SECS,"$2,514",719
01/21/25 2:40 PM,4TH / 5,65WPM,94.23%,28.945 SECS,"$2,000",550
01/21/25 2:40 PM,1ST / 5,78WPM,97.3%,22.741 SECS,"$2,406",661
01/21/25 2:41 PM,2ND / 5,71WPM,95.62%,23.306 SECS,"$2,257",617
01/21/25 2:42 PM,3RD / 5,73WPM,97.4%,25.149 SECS,"$2,276",711
01/21/25 2:42 PM,3RD / 5,70WPM,97.55%,27.804 SECS,"$5,420","3,830"
01/21/25 2:43 PM,5TH / 5,64WPM,95.06%,30.578 SECS,"$1,998",638
01/21/25 2:44 PM,3RD / 5,67WPM,96.47%,30.495 SECS,"$5,469","3,919"
01/21/25 2:44 PM,2ND / 5,74WPM,93.45%,27.124 SECS,"$2,358",728
01/22/25 8:53 AM,4TH / 5,67WPM,94.94%,28.127 SECS,"$2,004",554
01/22/25 8:54 AM,2ND / 5,66WPM,97.2%,26.079 SECS,"$2,272",617
01/22/25 8:55 AM,1ST / 5,74WPM,96.55%,23.516 SECS,"$2,398",653
01/22/25 8:55 AM,5TH / 5,68WPM,97.35%,26.834 SECS,"$1,946",561
01/22/25 8:56 AM,5TH / 5,63WPM,97.18%,27.248 SECS,"$1,936",551
01/22/25 8:57 AM,4TH / 5,61WPM,91.16%,28.907 SECS,"$1,992",542
01/22/25 9:41 AM,1ST / 5,77WPM,96.38%,21.37 SECS,"$4,179","2,449"
01/22/25 9:44 AM,2ND / 5,81WPM,97.3%,21.998 SECS,"$2,302",647
01/22/25 9:45 AM,1ST / 5,81WPM,100%,21.237 SECS,"$2,612",742
01/22/25 9:45 AM,1ST / 5,72WPM,98.59%,23.511 SECS,"$2,494",699
01/22/25 9:46 AM,2ND / 5,72WPM,95.21%,24.362 SECS,"$2,234",604
01/22/25 9:47 AM,1ST / 5,74WPM,97.24%,23.475 SECS,"$2,398",653
01/22/25 9:47 AM,5TH / 5,56WPM,92.17%,35.789 SECS,"$1,872",512
01/22/25 9:48 AM,1ST / 5,72WPM,96.24%,22.201 SECS,"$4,169","2,439"
01/22/25 9:49 AM,3RD / 5,70WPM,98.76%,27.558 SECS,"$2,370",755
01/22/25 9:49 AM,2ND / 5,66WPM,95.74%,25.713 SECS,"$2,247",607
01/22/25 9:50 AM,4TH / 5,72WPM,97.63%,28.139 SECS,"$2,224",724
01/22/25 9:51 AM,4TH / 5,67WPM,95.68%,28.961 SECS,"$2,159",699
01/22/25 9:51 AM,2ND / 5,73WPM,97.44%,25.684 SECS,"$2,406",751
01/22/25 9:52 AM,1ST / 5,77WPM,98.57%,21.746 SECS,"$5,144","3,349"
01/23/25 7:20 AM,2ND / 5,71WPM,100%,24.961 SECS,"$2,482",702
01/23/25 7:22 AM,5TH / 5,67WPM,95.89%,26.301 SECS,"$1,919",549
01/23/25 7:23 AM,5TH / 5,59WPM,95.18%,33.894 SECS,"$1,878",518
01/23/25 7:25 AM,2ND / 5,66WPM,93.88%,26.861 SECS,"$2,222",592
01/23/25 7:42 AM,4TH / 5,60WPM,94.33%,28.125 SECS,"$1,990",540
01/23/25 7:43 AM,3RD / 5,65WPM,97.04%,25.088 SECS,"$3,960","2,395"
01/23/25 7:43 AM,2ND / 5,68WPM,98.61%,25.513 SECS,"$2,376",671
01/23/25 7:44 AM,2ND / 5,63WPM,97.74%,25.52 SECS,"$2,316",636
01/23/25 7:45 AM,4TH / 5,58WPM,91.85%,27.959 SECS,"$3,786","2,336"
01/23/25 7:46 AM,1ST / 5,77WPM,98.52%,21.116 SECS,"$2,614",819
01/23/25 7:46 AM,5TH / 5,54WPM,91.55%,31.354 SECS,"$1,968",608
01/23/25 7:47 AM,1ST / 5,65WPM,97.6%,22.964 SECS,"$2,550",780
01/23/25 7:48 AM,2ND / 5,68WPM,93.33%,23.947 SECS,"$2,366",736
01/23/25 7:48 AM,3RD / 5,61WPM,96.15%,25.691 SECS,"$5,457","3,907"
01/23/25 9:41 AM,1ST / 5,61WPM,95.52%,26.293 SECS,"$2,347",617
01/23/25 9:41 AM,1ST / 5,66WPM,96.35%,24.878 SECS,"$2,357",627
01/23/25 9:42 AM,1ST / 5,65WPM,94.49%,23.56 SECS,"$2,330",610
01/24/25 10:39 AM,1ST / 5,66WPM,94.96%,25.242 SECS,"$2,332",612
01/24/25 10:40 AM,1ST / 5,68WPM,96.8%,21.946 SECS,"$2,386",641
01/24/25 10:41 AM,1ST / 5,70WPM,98.62%,24.907 SECS,"$2,490",695
01/24/25 10:41 AM,1ST / 5,61WPM,92.86%,24.636 SECS,"$2,322",602
01/24/25 10:42 AM,1ST / 5,75WPM,97.78%,21.613 SECS,"$2,450",680
01/24/25 10:43 AM,5TH / 5,65WPM,96.58%,27.134 SECS,"$1,940",555
01/24/25 10:43 AM,1ST / 5,70WPM,99.26%,23.112 SECS,"$2,490",695
01/24/25 10:44 AM,3RD / 5,63WPM,97.08%,26.187 SECS,"$2,156",591
01/24/25 10:45 AM,1ST / 5,74WPM,99.31%,23.388 SECS,"$4,998","3,203"
01/24/25 10:46 AM,2ND / 5,68WPM,97.97%,26.078 SECS,"$2,436",756
01/24/25 10:46 AM,1ST / 5,71WPM,97.18%,24.059 SECS,"$8,192","6,447"
01/24/25 10:47 AM,5TH / 5,62WPM,91.78%,28.141 SECS,"$2,004",644
01/24/25 10:53 AM,5TH / 5,62WPM,95.97%,28.772 SECS,"$2,039",669
01/24/25 10:54 AM,2ND / 5,70WPM,95.1%,24.452 SECS,"$2,370",740
01/24/25 10:56 AM,5TH / 5,59WPM,94.29%,28.349 SECS,"$2,028",668
01/24/25 10:57 AM,1ST / 5,71WPM,98.59%,23.958 SECS,"$2,652",857
01/24/25 10:58 AM,1ST / 5,71WPM,97.16%,23.914 SECS,"$2,572",827
01/24/25 10:58 AM,1ST / 5,75WPM,96.4%,22.243 SECS,"$2,545",815
01/24/25 10:59 AM,5TH / 5,66WPM,95.17%,26.472 SECS,"$2,082",722
01/24/25 11:00 AM,1ST / 5,65WPM,94.03%,24.736 SECS,"$2,540",820
01/24/25 11:00 AM,1ST / 5,75WPM,96.6%,23.51 SECS,"$2,600",855
01/24/25 11:01 AM,5TH / 5,64WPM,94.48%,27.025 SECS,"$2,108",748
01/24/25 11:02 AM,1ST / 5,75WPM,97.18%,22.804 SECS,"$2,630",885
01/24/25 11:03 AM,1ST / 5,65WPM,94.07%,24.748 SECS,"$2,580",860
01/24/25 11:03 AM,5TH / 5,61WPM,94.48%,28.648 SECS,"$2,122",762
01/24/25 11:04 AM,1ST / 5,78WPM,100%,22.818 SECS,"$2,866",986
01/24/25 11:05 AM,1ST / 5,74WPM,97.2%,23.27 SECS,"$2,678",903
01/24/25 11:05 AM,5TH / 5,63WPM,94.52%,27.904 SECS,"$2,156",776
01/24/25 11:06 AM,5TH / 5,60WPM,95.92%,29.346 SECS,"$2,195",785
01/24/25 11:07 AM,1ST / 5,73WPM,93.71%,23.494 SECS,"$2,646",876
01/24/25 11:09 AM,1ST / 5,66WPM,95.74%,25.591 SECS,"$2,667",877
01/24/25 11:10 AM,2ND / 5,66WPM,95.62%,24.886 SECS,"$2,567",857
01/24/25 11:11 AM,1ST / 5,74WPM,97.04%,21.897 SECS,"$2,738",903
01/24/25 11:11 AM,4TH / 5,61WPM,92%,29.682 SECS,"$2,322",792
01/24/25 11:12 AM,1ST / 5,69WPM,95.17%,25.165 SECS,"$2,688",868
01/24/25 11:13 AM,5TH / 5,55WPM,89.71%,29.584 SECS,"$2,230",760
01/24/25 7:55 PM,3RD / 5,64WPM,93.62%,26.555 SECS,"$2,108",568
01/24/25 7:56 PM,4TH / 5,65WPM,93.24%,27.162 SECS,"$2,000",550
01/24/25 7:56 PM,3RD / 5,67WPM,94.16%,24.507 SECS,"$2,114",574
01/24/25 7:57 PM,3RD / 5,64WPM,96.99%,24.776 SECS,"$2,158",593
01/24/25 7:58 PM,3RD / 5,76WPM,96.55%,22.756 SECS,"$2,182",617
01/24/25 7:58 PM,2ND / 5,66WPM,94.96%,25.184 SECS,"$2,222",592
01/24/25 7:59 PM,3RD / 5,68WPM,95.62%,24.26 SECS,"$2,141",591
01/24/25 8:00 PM,2ND / 5,72WPM,100%,22.773 SECS,"$2,484",704
01/24/25 8:01 PM,3RD / 5,71WPM,95.92%,24.872 SECS,"$2,247",697
01/24/25 8:01 PM,4TH / 5,67WPM,93.33%,26.724 SECS,"$2,004",554
01/24/25 8:02 PM,3RD / 5,67WPM,95.86%,25.851 SECS,"$2,249",699
01/24/25 8:03 PM,2ND / 5,64WPM,96.4%,26.001 SECS,"$2,373",733
01/24/25 8:03 PM,2ND / 5,67WPM,97.86%,24.93 SECS,"$2,444",764
01/24/25 8:04 PM,4TH / 5,63WPM,95.92%,27.871 SECS,"$2,161",701
01/24/25 8:05 PM,3RD / 5,65WPM,94.81%,24.932 SECS,"$2,270",730
01/24/25 8:05 PM,1ST / 5,71WPM,97.32%,25.329 SECS,"$2,542",797
01/24/25 8:06 PM,2ND / 5,62WPM,94.7%,25.734 SECS,"$2,384",754
01/24/25 8:07 PM,1ST / 5,72WPM,96.64%,24.716 SECS,"$2,574",829
01/24/25 8:08 PM,2ND / 5,68WPM,95.86%,25.619 SECS,"$2,441",801
01/24/25 8:09 PM,2ND / 5,65WPM,95.45%,24.403 SECS,"$2,430",800
01/24/25 8:09 PM,5TH / 5,64WPM,95.62%,25.536 SECS,"$2,113",743
01/24/25 8:10 PM,4TH / 5,61WPM,93.38%,26.893 SECS,"$2,212",762
01/24/25 8:11 PM,5TH / 5,61WPM,92.09%,27.452 SECS,"$2,112",752
01/24/25 8:12 PM,3RD / 5,75WPM,97.3%,23.593 SECS,"$2,420",855
01/24/25 8:13 PM,1ST / 5,75WPM,97.84%,22.114 SECS,"$2,710",930
01/24/25 8:13 PM,3RD / 5,60WPM,93.96%,29.614 SECS,"$2,350",810
01/24/25 8:14 PM,3RD / 5,64WPM,93.92%,27.815 SECS,"$2,378",818
01/24/25 8:15 PM,2ND / 5,69WPM,95.68%,24.21 SECS,"$2,533",863
01/24/25 8:16 PM,4TH / 5,61WPM,92.75%,27.198 SECS,"$2,292",792
01/24/25 8:16 PM,4TH / 5,58WPM,91.43%,29.205 SECS,"$2,276",786
01/24/25 8:17 PM,1ST / 5,62WPM,96.06%,24.762 SECS,"$2,659",869
01/24/25 8:18 PM,3RD / 5,66WPM,92.48%,24.038 SECS,"$2,432",822
01/24/25 8:19 PM,4TH / 5,60WPM,96.43%,27.959 SECS,"$2,355",805
01/24/25 8:19 PM,3RD / 5,64WPM,92.86%,23.622 SECS,"$2,438",818
01/24/25 8:20 PM,5TH / 5,60WPM,91.24%,27.351 SECS,"$2,230",770
01/24/25 8:21 PM,3RD / 5,63WPM,94.03%,25.691 SECS,"$2,466",816
01/24/25 8:22 PM,2ND / 5,63WPM,97.64%,24.304 SECS,"$2,686",886
01/24/25 8:23 PM,4TH / 5,58WPM,93.7%,26.227 SECS,"$52,376","1,786"
01/24/25 8:23 PM,4TH / 5,57WPM,92.97%,27.169 SECS,"$2,364",784
01/24/25 8:24 PM,5TH / 5,58WPM,92.8%,25.84 SECS,"$2,286",766
01/24/25 8:24 PM,1ST / 5,75WPM,98.53%,21.84 SECS,"$2,900",955
01/24/25 8:25 PM,3RD / 5,64WPM,97.01%,25.196 SECS,"$2,578",843
01/24/25 8:26 PM,1ST / 5,63WPM,94.57%,24.624 SECS,"$2,756",856
01/24/25 8:27 PM,4TH / 5,58WPM,94.53%,26.622 SECS,"$2,436",786
01/24/25 8:27 PM,2ND / 5,69WPM,97.6%,21.728 SECS,"$2,768",898
01/24/25 8:28 PM,5TH / 5,66WPM,96.27%,24.353 SECS,"$2,377",797
01/24/25 8:29 PM,3RD / 5,63WPM,95.49%,25.529 SECS,"$2,586",816
01/24/25 8:29 PM,2ND / 5,65WPM,95.16%,23.026 SECS,"$2,690",840
01/24/25 8:30 PM,1ST / 5,71WPM,95.59%,23.011 SECS,"$2,857",887
01/24/25 8:31 PM,3RD / 5,70WPM,98.64%,25.374 SECS,"$2,770",905
01/25/25 12:05 AM,5TH / 5,64WPM,93.62%,26.44 SECS,"$1,888",528
01/25/25 12:06 AM,4TH / 5,65WPM,95.86%,26.879 SECS,"$2,025",565
02/25/25 1:47 PM,1ST / 5,73WPM,96.32%,22.452 SECS,"$2,371",641
02/25/25 1:48 PM,1ST / 5,66WPM,93.89%,23.708 SECS,"$2,332",612
02/25/25 1:48 PM,1ST / 5,63WPM,94.35%,23.546 SECS,"$2,326",606
02/25/25 1:49 PM,1ST / 5,68WPM,94.16%,24.263 SECS,"$2,336",616
02/25/25 1:50 PM,1ST / 5,69WPM,97.76%,23.217 SECS,"$2,438",668
02/25/25 1:51 PM,1ST / 5,66WPM,94.57%,23.528 SECS,"$2,332",612
02/25/25 2:17 PM,1ST / 5,79WPM,98.39%,18.824 SECS,"$2,458",688
02/25/25 2:18 PM,2ND / 5,67WPM,93.1%,25.969 SECS,"$2,224",594
02/25/25 2:19 PM,2ND / 5,72WPM,95.24%,24.492 SECS,"$2,334",704
02/25/25 2:19 PM,1ST / 5,67WPM,96.45%,25.361 SECS,"$2,359",629
02/25/25 2:20 PM,1ST / 5,94WPM,100%,18.821 SECS,"$3,748","1,878"
02/25/25 2:22 PM,3RD / 5,71WPM,96.15%,26.367 SECS,"$2,267",717
02/25/25 2:25 PM,5TH / 5,56WPM,90.59%,36.532 SECS,"$2,002",642
02/25/25 2:27 PM,1ST / 5,83WPM,97.95%,21.047 SECS,"$2,606",836
02/25/25 2:28 PM,3RD / 5,72WPM,98.19%,27.5 SECS,"$2,374",784
02/25/25 2:45 PM,5TH / 5,59WPM,90.12%,33.038 SECS,"$2,038",678
02/25/25 2:46 PM,2ND / 5,75WPM,96.62%,23.556 SECS,"$2,460",805
02/25/25 2:47 PM,2ND / 5,68WPM,91.49%,24.846 SECS,"$2,406",776
02/25/25 9:21 AM,4TH / 5,53WPM,91.18%,30.546 SECS,"$1,976",526
02/25/25 9:24 AM,5TH / 5,58WPM,97.12%,28.569 SECS,"$1,926",541
02/25/25 9:24 AM,3RD / 5,65WPM,97.73%,24.461 SECS,"$2,210",620
02/25/25 9:28 AM,1ST / 5,69WPM,95.68%,24.305 SECS,"$52,363","1,633"
02/25/25 9:29 AM,2ND / 5,68WPM,98.39%,22.03 SECS,"$2,326",646
02/25/25 9:30 AM,2ND / 5,57WPM,93.65%,26.522 SECS,"$4,004","2,374"
02/25/25 9:30 AM,3RD / 5,65WPM,96.3%,24.798 SECS,"$2,135",585
02/25/25 9:31 AM,5TH / 5,58WPM,96.3%,27.952 SECS,"$1,901",531
02/25/25 9:32 AM,1ST / 5,65WPM,96.03%,23.331 SECS,"$2,355",625
02/25/25 9:35 AM,2ND / 5,63WPM,98.36%,23.323 SECS,"$4,216","2,536"
02/25/25 9:38 AM,5TH / 5,60WPM,94.89%,27.36 SECS,"$2,000",640
02/25/25 9:38 AM,2ND / 5,67WPM,98.44%,22.957 SECS,"$2,434",754
02/25/25 9:42 AM,1ST / 5,63WPM,96.69%,23.075 SECS,"$2,506",761
02/25/25 9:44 AM,5TH / 5,60WPM,95.65%,27.439 SECS,"$2,045",675
02/25/25 9:45 AM,1ST / 5,69WPM,98.4%,21.661 SECS,"$2,598",828
02/25/25 9:45 AM,4TH / 5,59WPM,95.68%,28.126 SECS,"$2,213",753
02/25/25 9:46 AM,2ND / 5,70WPM,97.84%,23.979 SECS,"$2,500",820
02/25/25 9:47 AM,1ST / 5,66WPM,92.86%,25.401 SECS,"$2,512",792
02/25/25 9:48 AM,1ST / 5,68WPM,96.3%,23.796 SECS,"$2,561",831
02/25/25 9:48 AM,2ND / 5,66WPM,94.89%,24.755 SECS,"$2,412",782
02/25/25 9:49 AM,2ND / 5,68WPM,94.93%,24.469 SECS,"$2,436",806
02/25/25 9:50 AM,5TH / 5,54WPM,92.14%,31.332 SECS,"$2,098",738
02/25/25 9:50 AM,1ST / 5,63WPM,95.2%,23.739 SECS,"$2,546",826
02/25/25 9:51 AM,1ST / 5,62WPM,94.07%,26.016 SECS,"$52,564","1,844"
02/25/25 9:52 AM,3RD / 5,61WPM,96.3%,26.723 SECS,"$2,377",827
02/25/25 9:53 AM,5TH / 5,57WPM,92.59%,28.566 SECS,"$2,134",764
02/25/25 9:54 AM,5TH / 5,54WPM,92.59%,29.874 SECS,"$5,338","3,958"
02/25/25 9:55 AM,1ST / 5,74WPM,97.78%,21.981 SECS,"$2,728",928
02/26/25 11:12 AM,5TH / 5,64WPM,92.57%,27.556 SECS,"$1,888",528
02/26/25 11:12 AM,1ST / 5,73WPM,96.45%,23.089 SECS,"$2,371",641
02/26/25 11:13 AM,4TH / 5,65WPM,92.62%,27.471 SECS,"$2,000",550
02/26/25 11:14 AM,1ST / 5,75WPM,98.51%,21.377 SECS,"$2,500",705
02/26/25 11:15 AM,5TH / 5,59WPM,95.74%,28.583 SECS,"$1,903",533
02/26/25 11:15 AM,1ST / 5,66WPM,95.56%,24.392 SECS,"$2,357",627
02/26/25 11:18 AM,5TH / 5,61WPM,96.67%,29.479 SECS,"$1,932",547
02/26/25 11:19 AM,5TH / 5,61WPM,96.45%,27.692 SECS,"$1,907",537
02/26/25 11:20 AM,4TH / 5,67WPM,95.95%,26.431 SECS,"$2,029",569
02/26/25 11:21 AM,1ST / 5,68WPM,97.76%,23.495 SECS,"$2,536",766
02/26/25 11:22 AM,5TH / 5,62WPM,96.6%,28.448 SECS,"$2,044",659
02/26/25 11:23 AM,2ND / 5,56WPM,94.21%,25.862 SECS,"$2,322",692
02/26/25 7:29 AM,2ND / 5,67WPM,95.04%,25.414 SECS,"$2,224",594
02/26/25 7:31 AM,3RD / 5,57WPM,94.38%,33.411 SECS,"$2,094",554
02/26/25 7:32 AM,2ND / 5,77WPM,98.55%,21.511 SECS,"$2,394",689
02/26/25 7:35 AM,2ND / 5,71WPM,94.74%,22.399 SECS,"$2,232",602
02/26/25 7:37 AM,2ND / 5,69WPM,97.1%,23.971 SECS,"$2,278",623
02/26/25 7:38 AM,3RD / 5,67WPM,92.52%,26.259 SECS,"$2,114",574
02/26/25 7:41 AM,3RD / 5,66WPM,93.29%,27.017 SECS,"$2,112",572
02/26/25 7:42 AM,4TH / 5,59WPM,97.18%,29.054 SECS,"$2,038",563
02/26/25 7:43 AM,3RD / 5,78WPM,95.86%,22.354 SECS,"$2,161",611
02/26/25 7:44 AM,2ND / 5,73WPM,97.86%,22.997 SECS,"$4,936","3,256"
02/26/25 7:45 AM,5TH / 5,62WPM,94.33%,27.259 SECS,"$1,994",634
02/26/25 7:46 AM,4TH / 5,64WPM,95.83%,26.971 SECS,"$2,143",683
02/26/25 7:47 AM,3RD / 5,63WPM,96.5%,27.061 SECS,"$4,786","3,221"
02/26/25 7:48 AM,2ND / 5,65WPM,96.45%,25.963 SECS,"$2,385",745
02/26/25 7:50 AM,1ST / 5,68WPM,97.24%,25.5 SECS,"$2,536",791
02/26/25 7:51 AM,5TH / 5,58WPM,95.27%,30.709 SECS,"$2,036",676
02/26/25 7:52 AM,2ND / 5,75WPM,98.55%,22.167 SECS,"$5,770","4,065"
02/26/25 7:52 AM,1ST / 5,79WPM,99.28%,21.064 SECS,"$2,678",883
02/26/25 7:53 AM,1ST / 5,78WPM,99.32%,22.584 SECS,"$2,696",901
02/26/25 7:54 AM,1ST / 5,69WPM,94.2%,24.104 SECS,"$2,538",818
02/26/25 7:55 AM,2ND / 5,64WPM,95.74%,26.418 SECS,"$2,453",813
02/26/25 7:56 AM,1ST / 5,70WPM,97.86%,23.951 SECS,"$2,670",900
02/26/25 7:56 AM,2ND / 5,68WPM,97.76%,23.637 SECS,"$2,546",866
02/26/25 7:57 AM,2ND / 5,74WPM,99.31%,23.606 SECS,"$2,628",923
02/26/25 8:00 AM,5TH / 5,55WPM,96.23%,34.394 SECS,"$2,145",775
02/27/25 2:38 PM,2ND / 5,66WPM,94.89%,24.916 SECS,"$2,222",592
02/27/25 2:39 PM,2ND / 5,64WPM,95.59%,25.413 SECS,"$2,243",603
02/27/25 2:40 PM,1ST / 5,64WPM,94.44%,23.621 SECS,"$2,328",608
02/27/25 2:41 PM,1ST / 5,77WPM,97.67%,20.188 SECS,"$52,454","1,684"
02/27/25 2:41 PM,2ND / 5,70WPM,93.53%,23.725 SECS,"$2,230",600
02/27/25 2:42 PM,5TH / 5,65WPM,95.24%,27.001 SECS,"$1,890",530
02/27/25 2:44 PM,5TH / 5,57WPM,95.89%,30.783 SECS,"$1,899",529
02/27/25 2:45 PM,3RD / 5,74WPM,96.35%,22.309 SECS,"$2,153",603
02/27/25 9:28 PM,2ND / 5,67WPM,95.71%,25.135 SECS,"$2,249",609
02/27/25 9:29 PM,5TH / 5,62WPM,96.55%,28.049 SECS,"$1,934",549
02/27/25 9:29 PM,1ST / 5,67WPM,96.09%,23.096 SECS,"$2,359",629
02/27/25 9:30 PM,3RD / 5,66WPM,96.53%,26.105 SECS,"$2,162",597
02/27/25 9:31 PM,1ST / 5,70WPM,98.58%,24.309 SECS,"$4,290","2,495"
02/27/25 9:32 PM,3RD / 5,66WPM,94.56%,26.722 SECS,"$2,112",572
02/27/25 9:32 PM,2ND / 5,66WPM,97.16%,25.557 SECS,"$2,272",617
02/27/25 9:33 PM,2ND / 5,68WPM,95.65%,24.296 SECS,"$2,251",611
02/27/25 9:34 PM,4TH / 5,60WPM,95.17%,29.04 SECS,"$4,490","3,040"
02/27/25 9:35 PM,4TH / 5,58WPM,97.97%,30.785 SECS,"$3,986","2,486"
02/27/25 9:36 PM,4TH / 5,65WPM,96.6%,27.212 SECS,"$2,160",685
02/27/25 9:37 PM,3RD / 5,69WPM,98.54%,23.989 SECS,"$2,388",773
02/28/25 1:24 PM,1ST / 5,76WPM,97.33%,23.635 SECS,"$2,402",657
02/28/25 1:25 PM,1ST / 5,74WPM,97.24%,23.379 SECS,"$2,398",653
02/28/25 1:25 PM,1ST / 5,79WPM,97.96%,22.412 SECS,"$2,458",688
02/28/25 1:26 PM,5TH / 5,59WPM,91.18%,27.573 SECS,"$1,878",518
02/28/25 1:27 PM,1ST / 5,69WPM,96.21%,22.807 SECS,"$2,363",633
02/28/25 1:27 PM,2ND / 5,66WPM,93.53%,25.22 SECS,"$2,222",592
02/28/25 1:29 PM,1ST / 5,75WPM,97.26%,23.328 SECS,"$2,400",655
02/28/25 1:29 PM,5TH / 5,53WPM,89.51%,32.175 SECS,"$1,866",506
02/28/25 1:30 PM,1ST / 5,79WPM,98.63%,22.071 SECS,"$2,508",713
02/28/25 1:32 PM,5TH / 5,57WPM,96%,31.588 SECS,"$2,009",639
02/28/25 1:32 PM,3RD / 5,67WPM,94.67%,26.885 SECS,"$2,214",674
02/28/25 11:49 AM,1ST / 5,70WPM,97.01%,22.881 SECS,"$2,390",645
02/28/25 11:51 AM,2ND / 5,65WPM,95.56%,24.974 SECS,"$2,245",605
02/28/25 11:51 AM,1ST / 5,66WPM,92.81%,25.334 SECS,"$2,332",612
02/28/25 11:52 AM,1ST / 5,73WPM,96.55%,23.98 SECS,"$2,396",651
02/28/25 7:07 AM,1ST / 5,73WPM,94.81%,22.291 SECS,"$2,346",626
02/28/25 7:08 AM,3RD / 5,71WPM,96.55%,24.432 SECS,"$2,172",607
02/28/25 7:09 AM,4TH / 5,59WPM,95.21%,29.646 SECS,"$1,988",538
02/28/25 7:10 AM,1ST / 5,76WPM,97.79%,21.438 SECS,"$2,452",682
02/28/25 7:11 AM,3RD / 5,67WPM,95.14%,25.982 SECS,"$2,114",574
02/28/25 7:12 AM,3RD / 5,56WPM,95.89%,31.342 SECS,"$2,117",567
02/28/25 7:13 AM,1ST / 5,72WPM,97.04%,22.626 SECS,"$4,194","2,449"
02/28/25 7:18 AM,5TH / 5,59WPM,94.52%,29.869 SECS,"$1,878",518
02/28/25 7:19 AM,3RD / 5,66WPM,98.56%,25.096 SECS,"$52,262","1,647"
02/28/25 7:20 AM,4TH / 5,66WPM,96.62%,26.829 SECS,"$2,152",677
02/28/25 7:21 AM,2ND / 5,74WPM,97.97%,24.144 SECS,"$8,148","6,468"
02/28/25 7:23 AM,4TH / 5,62WPM,97.06%,26.276 SECS,"$2,164",689
02/28/25 7:24 AM,5TH / 5,60WPM,91.78%,29.124 SECS,"$2,010",650
08/05/24 2:09 PM,1ST / 5,56WPM,94.29%,22.324 SECS,"$2,312",592
08/06/24 7:06 AM,2ND / 5,56WPM,98.21%,23.831 SECS,"$2,302",622
08/06/24 7:08 AM,1ST / 5,66WPM,99.03%,18.789 SECS,"$2,482",687
08/06/24 7:09 AM,1ST / 5,68WPM,100%,20.245 SECS,"$2,586",716
08/06/24 7:09 AM,3RD / 5,50WPM,88.99%,26.366 SECS,"$2,080",540
08/06/24 7:10 AM,1ST / 5,58WPM,96.52%,23.952 SECS,"$2,366",621
08/06/24 7:12 AM,5TH / 5,36WPM,89.62%,35.067 SECS,"$1,832",472
08/06/24 7:12 AM,5TH / 5,40WPM,95.2%,37.933 SECS,"$1,840",480
08/06/24 7:15 AM,2ND / 5,56WPM,93.58%,23.498 SECS,"$2,202",572
08/06/24 7:15 AM,5TH / 5,40WPM,92.17%,34.355 SECS,"$1,840",480
08/06/24 7:16 AM,1ST / 5,54WPM,95.65%,20.51 SECS,"$2,433",703
08/06/24 7:17 AM,1ST / 5,58WPM,96.46%,23.426 SECS,"$5,011","3,281"
08/06/24 7:17 AM,1ST / 5,64WPM,100%,19.733 SECS,"$2,688",818
08/06/24 7:19 AM,1ST / 5,60WPM,96.97%,19.765 SECS,"$5,700","3,955"
08/06/24 7:23 AM,3RD / 5,56WPM,93.46%,22.874 SECS,"$2,232",692
08/06/24 7:24 AM,1ST / 5,57WPM,93.68%,20.061 SECS,"$55,664","4,944"
08/06/24 7:27 AM,1ST / 5,58WPM,94.85%,20.125 SECS,"$2,476",756
08/06/24 7:28 AM,2ND / 5,52WPM,96.43%,25.787 SECS,"$2,439",799
08/06/24 8:22 AM,2ND / 5,56WPM,93.33%,25.749 SECS,"$2,202",572
08/06/24 8:23 AM,5TH / 5,45WPM,90.27%,29.932 SECS,"$1,850",490
08/06/24 8:30 PM,2ND / 5,57WPM,93.86%,23.906 SECS,"$2,204",574
08/07/24 1:52 PM,2ND / 5,62WPM,96.8%,24.299 SECS,"$2,264",609
08/07/24 1:53 PM,1ST / 5,58WPM,91.96%,23.14 SECS,"$2,316",596
08/07/24 1:54 PM,2ND / 5,65WPM,98.41%,23.214 SECS,"$2,320",640
08/07/24 2:41 PM,3RD / 5,58WPM,92.97%,26.596 SECS,"$2,096",556
08/07/24 2:42 PM,1ST / 5,59WPM,98.36%,24.8 SECS,"$2,418",648
08/07/24 2:43 PM,4TH / 5,55WPM,94.31%,27.026 SECS,"$1,980",530
08/07/24 2:44 PM,1ST / 5,68WPM,97.64%,22.281 SECS,"$2,436",666
08/07/24 2:44 PM,3RD / 5,57WPM,98.4%,26.228 SECS,"$2,194",604
08/07/24 2:45 PM,4TH / 5,55WPM,95%,26.007 SECS,"$1,980",530
08/07/24 2:46 PM,1ST / 5,67WPM,97.52%,21.61 SECS,"$2,434",664
08/07/24 2:46 PM,3RD / 5,59WPM,94.4%,25.637 SECS,"$2,098",558
08/07/24 2:47 PM,2ND / 5,69WPM,97.04%,23.462 SECS,"$2,278",623
08/07/24 2:48 PM,5TH / 5,55WPM,92.7%,30.148 SECS,"$1,970",610
08/07/24 2:50 PM,5TH / 5,60WPM,95.74%,28.339 SECS,"$2,025",655
08/07/24 2:50 PM,5TH / 5,58WPM,96.35%,28.138 SECS,"$2,011",641
08/07/24 2:51 PM,4TH / 5,55WPM,92.81%,30.346 SECS,"$2,110",660
08/07/24 2:52 PM,3RD / 5,55WPM,97.37%,24.848 SECS,"$2,290",725
08/07/24 2:52 PM,3RD / 5,56WPM,93.39%,25.861 SECS,"$2,232",692
08/07/24 2:53 PM,1ST / 5,67WPM,95.83%,21.414 SECS,"$2,519",789
08/07/24 2:54 PM,3RD / 5,58WPM,92.86%,26.055 SECS,"$2,276",736
08/07/24 2:54 PM,4TH / 5,45WPM,91.38%,31.185 SECS,"$2,130",680
08/07/24 7:39 AM,2ND / 5,54WPM,96.67%,26.631 SECS,"$2,248",593
08/07/24 7:40 AM,1ST / 5,66WPM,97.37%,20.578 SECS,"$2,382",637
08/07/24 7:43 AM,2ND / 5,54WPM,93.22%,26.092 SECS,"$2,198",568
08/07/24 7:44 AM,2ND / 5,51WPM,92.73%,25.762 SECS,"$2,192",562
08/07/24 7:45 AM,1ST / 5,56WPM,96.08%,21.936 SECS,"$2,337",607
08/07/24 7:46 AM,1ST / 5,58WPM,95.33%,22.127 SECS,"$2,316",596
08/07/24 7:48 AM,1ST / 5,61WPM,97.35%,22.072 SECS,"$4,172","2,427"
08/07/24 7:50 AM,2ND / 5,57WPM,93.04%,24.059 SECS,"$5,404","3,774"
08/07/24 7:52 AM,5TH / 5,53WPM,88.43%,27.57 SECS,"$1,866",506
08/07/24 7:54 AM,3RD / 5,54WPM,95.87%,27.018 SECS,"$4,713","3,163"
08/07/24 7:56 AM,1ST / 5,62WPM,98.31%,22.963 SECS,"$52,544","1,774"
08/07/24 7:56 AM,4TH / 5,53WPM,93.6%,28.412 SECS,"$2,086",636
08/07/24 8:00 AM,3RD / 5,60WPM,96.55%,23.383 SECS,"$2,290",725
08/07/24 8:00 AM,5TH / 5,47WPM,88.98%,30.354 SECS,"$1,984",624
08/07/24 8:02 AM,3RD / 5,58WPM,95.28%,26.208 SECS,"$2,246",706
08/07/24 8:04 AM,4TH / 5,56WPM,96.85%,27.432 SECS,"$2,192",717
08/07/24 8:05 AM,1ST / 5,60WPM,99.15%,23.589 SECS,"$2,640",845
08/08/24 1:27 PM,1ST / 5,57WPM,90.27%,23.861 SECS,"$2,314",594
08/08/24 1:28 PM,2ND / 5,60WPM,95.16%,24.843 SECS,"$2,210",580
08/08/24 7:26 AM,5TH / 5,55WPM,92.97%,27.727 SECS,"$1,870",510
08/08/24 7:27 AM,5TH / 5,52WPM,94.74%,26.347 SECS,"$1,864",504
08/08/24 7:28 AM,2ND / 5,61WPM,96.03%,24.979 SECS,"$2,237",597
08/08/24 7:29 AM,1ST / 5,54WPM,95.93%,27.515 SECS,"$2,333",603
08/08/24 7:30 AM,2ND / 5,52WPM,97.32%,25.964 SECS,"$2,244",589
08/08/24 7:30 AM,5TH / 5,47WPM,94.02%,30.029 SECS,"$1,854",494
08/08/24 7:31 AM,1ST / 5,61WPM,100%,20.946 SECS,"$2,572",702
08/08/24 7:32 AM,3RD / 5,64WPM,92.9%,29.094 SECS,"$4,108","2,568"
08/08/24 7:33 AM,3RD / 5,62WPM,96.45%,32.923 SECS,"$2,329",779
08/08/24 7:34 AM,4TH / 5,55WPM,96.36%,36.119 SECS,"$4,805","3,345"
08/08/24 7:36 AM,5TH / 5,52WPM,91.57%,38.637 SECS,"$2,074",714
08/08/24 7:53 AM,2ND / 5,57WPM,94.49%,26.539 SECS,"$2,324",694
08/08/24 7:54 AM,4TH / 5,53WPM,96.06%,29.002 SECS,"$2,131",671
08/08/24 7:55 AM,1ST / 5,58WPM,96.3%,22.514 SECS,"$2,481",751
08/08/24 7:55 AM,5TH / 5,50WPM,95.04%,28.997 SECS,"$2,010",650
08/08/24 7:56 AM,3RD / 5,55WPM,96.67%,26.17 SECS,"$2,300",735
08/08/24 7:57 AM,1ST / 5,57WPM,99.17%,25.081 SECS,"$2,644",849
08/08/24 7:57 AM,1ST / 5,59WPM,98.25%,23.107 SECS,"$2,588",818
08/08/24 7:58 AM,1ST / 5,50WPM,94.39%,25.518 SECS,"$2,490",770
08/08/24 7:59 AM,1ST / 5,59WPM,99.1%,22.708 SECS,"$2,668",873
08/08/24 7:59 AM,2ND / 5,64WPM,100%,22.944 SECS,"$5,178","3,398"
08/08/24 8:02 AM,2ND / 5,58WPM,95.2%,25.91 SECS,"$2,426",796
08/08/24 8:03 AM,5TH / 5,56WPM,94.53%,27.668 SECS,"$2,102",742
08/08/24 8:04 AM,1ST / 5,59WPM,91.6%,24.118 SECS,"$2,558",838
08/08/24 8:12 AM,2ND / 5,63WPM,93.16%,22.433 SECS,"$2,466",836
08/08/24 8:15 AM,3RD / 5,56WPM,96.85%,27.085 SECS,"$2,402",827
08/08/24 8:16 AM,5TH / 5,47WPM,92.37%,30.223 SECS,"$2,124",744
08/11/24 2:40 PM,2ND / 5,61WPM,94.96%,23.425 SECS,"$2,212",582
08/11/24 2:41 PM,5TH / 5,52WPM,89.84%,29.583 SECS,"$1,864",504
08/12/24 2:43 PM,4TH / 5,42WPM,83.61%,35.115 SECS,"$1,954",504
08/12/24 2:44 PM,2ND / 5,63WPM,91.27%,24.152 SECS,"$2,216",586
08/12/24 2:45 PM,2ND / 5,62WPM,94.44%,24.476 SECS,"$2,214",584
08/12/24 2:45 PM,5TH / 5,55WPM,86.61%,27.514 SECS,"$1,870",510
08/12/24 9:37 AM,4TH / 5,41WPM,92.31%,33.854 SECS,"$1,952",502
08/12/24 9:42 AM,1ST / 5,65WPM,90.99%,20.461 SECS,"$2,330",610
08/12/24 9:46 AM,5TH / 5,48WPM,90.52%,28.792 SECS,"$1,856",496
08/12/24 9:49 AM,1ST / 5,58WPM,93.81%,23.462 SECS,"$2,316",596
08/12/24 9:49 AM,2ND / 5,56WPM,94.23%,22.14 SECS,"$2,202",572
08/12/24 9:50 AM,2ND / 5,70WPM,100%,18.605 SECS,"$3,480","1,700"
08/12/24 9:51 AM,1ST / 5,58WPM,96.23%,21.751 SECS,"$4,141","2,411"
08/12/24 9:51 AM,4TH / 5,49WPM,94.83%,28.227 SECS,"$1,968",518
08/12/24 9:52 AM,1ST / 5,62WPM,96.15%,20.101 SECS,"$2,349",619
08/12/24 9:53 AM,2ND / 5,59WPM,96.49%,23.054 SECS,"$2,343",703
08/12/24 9:53 AM,2ND / 5,53WPM,94.74%,25.573 SECS,"$2,296",666
08/12/24 9:54 AM,1ST / 5,60WPM,96.67%,24.191 SECS,"$2,490",745
08/12/24 9:55 AM,2ND / 5,53WPM,96.4%,25.276 SECS,"$2,361",721
08/12/24 9:55 AM,2ND / 5,55WPM,94.26%,26.801 SECS,"$5,530","3,900"
08/12/24 9:56 AM,1ST / 5,58WPM,100%,24.697 SECS,"$2,716",846
08/12/24 9:57 AM,3RD / 5,56WPM,97.73%,28.137 SECS,"$4,152","2,562"
08/13/24 10:48 AM,2ND / 5,59WPM,96.06%,25.899 SECS,"$2,233",593
08/13/24 10:50 AM,1ST / 5,62WPM,94.83%,22.554 SECS,"$2,324",604
08/13/24 10:51 AM,1ST / 5,61WPM,98.29%,22.904 SECS,"$2,422",652
08/13/24 10:52 AM,1ST / 5,64WPM,98.18%,20.741 SECS,"$2,428",658
08/13/24 11:02 AM,5TH / 5,55WPM,95.31%,28.12 SECS,"$1,870",510
08/13/24 11:03 AM,2ND / 5,57WPM,96%,26.547 SECS,"$2,229",589
08/13/24 11:04 AM,1ST / 5,60WPM,97.66%,25.648 SECS,"$4,220","2,450"
08/13/24 11:05 AM,1ST / 5,66WPM,97.48%,21.633 SECS,"$2,382",637
08/13/24 11:05 AM,1ST / 5,64WPM,95.35%,24.362 SECS,"$2,328",608
08/13/24 11:06 AM,5TH / 5,52WPM,93.94%,30.51 SECS,"$1,964",604
08/13/24 11:07 AM,1ST / 5,57WPM,97.54%,25.735 SECS,"$2,524",754
08/13/24 11:08 AM,1ST / 5,57WPM,93.75%,23.424 SECS,"$2,434",714
08/13/24 11:09 AM,5TH / 5,47WPM,93.02%,33.151 SECS,"$1,984",624
08/13/24 11:10 AM,1ST / 5,67WPM,98.43%,22.765 SECS,"$2,574",804
08/13/24 11:10 AM,4TH / 5,53WPM,95.87%,27.531 SECS,"$5,351","3,891"
08/13/24 11:11 AM,3RD / 5,53WPM,96.67%,27.038 SECS,"$2,296",731
08/13/24 11:12 AM,1ST / 5,59WPM,96.83%,25.586 SECS,"$2,538",793
08/13/24 11:13 AM,1ST / 5,68WPM,98.28%,20.438 SECS,"$2,666",896
08/13/24 11:14 AM,1ST / 5,62WPM,96.8%,24.018 SECS,"$2,574",829
08/13/24 11:14 AM,5TH / 5,54WPM,93.18%,29.385 SECS,"$2,058",698
08/13/24 11:15 AM,4TH / 5,54WPM,94.92%,26.336 SECS,"$2,188",738
08/13/24 11:16 AM,1ST / 5,61WPM,96.12%,25.194 SECS,"$2,567",837
08/13/24 11:18 AM,1ST / 5,66WPM,97.44%,21.378 SECS,"$5,812","4,067"
08/13/24 11:21 AM,3RD / 5,61WPM,93.94%,32.588 SECS,"$2,442",902
08/13/24 11:22 AM,5TH / 5,48WPM,86.98%,42.225 SECS,"$2,206",846
08/13/24 11:23 AM,5TH / 5,59WPM,99.4%,34.258 SECS,"$2,388",943
08/13/24 11:24 AM,4TH / 5,59WPM,96.91%,32.851 SECS,"$2,408",913
08/13/24 11:25 AM,4TH / 5,60WPM,94.41%,32.355 SECS,"$2,420",940
08/13/24 11:26 AM,3RD / 5,61WPM,96.82%,31.066 SECS,"$2,592",987
08/13/24 11:27 AM,5TH / 5,63WPM,94.16%,29.143 SECS,"$2,286",876
08/13/24 11:29 AM,3RD / 5,59WPM,93.67%,32.354 SECS,"$2,608","1,008"
08/13/24 11:30 AM,5TH / 5,55WPM,92.86%,36.837 SECS,"$2,290",860
08/13/24 11:32 AM,5TH / 5,52WPM,88.43%,28.101 SECS,"$2,294",854
08/13/24 11:34 AM,4TH / 5,54WPM,90.32%,34.461 SECS,"$2,468",928
08/13/24 11:35 AM,5TH / 5,56WPM,92.41%,33.989 SECS,"$2,372",912
08/13/24 11:36 AM,5TH / 5,59WPM,92.05%,30.892 SECS,"$2,388",918
08/13/24 11:37 AM,5TH / 5,56WPM,91.3%,34.433 SECS,"$2,342",862
08/13/24 11:39 AM,5TH / 5,53WPM,92.68%,37.277 SECS,"$2,346",856
08/13/24 11:40 AM,5TH / 5,55WPM,94.05%,36.934 SECS,"$2,410",910
08/14/24 10:04 AM,5TH / 5,52WPM,90.77%,30.063 SECS,"$2,054",694
08/14/24 10:06 AM,1ST / 5,64WPM,98.23%,21.109 SECS,"$2,588",818
08/14/24 10:06 AM,3RD / 5,53WPM,90.43%,25.872 SECS,"$2,236",696
08/14/24 10:07 AM,1ST / 5,62WPM,97.54%,23.475 SECS,"$2,594",824
08/14/24 10:08 AM,1ST / 5,56WPM,96.55%,24.643 SECS,"$2,552",807
08/14/24 10:08 AM,2ND / 5,52WPM,95.65%,26.669 SECS,"$2,399",759
08/14/24 11:21 AM,1ST / 5,54WPM,95.61%,25.406 SECS,"$2,333",603
08/14/24 11:21 AM,3RD / 5,61WPM,97.67%,25.238 SECS,"$2,202",612
08/14/24 11:35 AM,1ST / 5,64WPM,96.03%,23.53 SECS,"$2,353",623
08/14/24 7:40 AM,1ST / 5,66WPM,94.49%,23.185 SECS,"$2,332",612
08/14/24 7:41 AM,2ND / 5,59WPM,93.04%,23.483 SECS,"$2,208",578
08/14/24 7:42 AM,1ST / 5,57WPM,93.16%,24.443 SECS,"$2,314",594
08/14/24 7:43 AM,5TH / 5,48WPM,92.56%,30.398 SECS,"$1,856",496
08/14/24 7:44 AM,5TH / 5,44WPM,92.54%,36.357 SECS,"$1,848",488
08/14/24 7:44 AM,5TH / 5,52WPM,90.48%,29.124 SECS,"$1,864",504
08/14/24 7:45 AM,2ND / 5,53WPM,87.27%,24.68 SECS,"$2,196",566
08/14/24 7:46 AM,1ST / 5,55WPM,98.11%,22.987 SECS,"$2,410",640
08/14/24 7:47 AM,2ND / 5,52WPM,93.91%,26.293 SECS,"$2,194",564
08/14/24 7:48 AM,1ST / 5,53WPM,98.17%,24.637 SECS,"$5,006","3,236"
08/14/24 7:49 AM,1ST / 5,48WPM,98.08%,26.075 SECS,"$4,316","2,546"
08/14/24 7:49 AM,1ST / 5,55WPM,94.39%,23.439 SECS,"$5,620","3,900"
08/14/24 7:51 AM,1ST / 5,64WPM,98.06%,19.186 SECS,"$2,558",788
08/14/24 9:42 AM,1ST / 5,57WPM,92.79%,23.364 SECS,"$2,314",594
08/14/24 9:43 AM,4TH / 5,56WPM,93.6%,27.024 SECS,"$2,032",582
08/14/24 9:44 AM,4TH / 5,53WPM,93.86%,25.625 SECS,"$2,026",576
08/14/24 9:45 AM,3RD / 5,76WPM,98.73%,25.053 SECS,"$3,382","1,767"
08/14/24 9:47 AM,5TH / 5,47WPM,88.34%,41.358 SECS,"$1,954",594
08/14/24 9:48 AM,3RD / 5,56WPM,93.51%,33.046 SECS,"$2,292",752
08/14/24 9:48 AM,5TH / 5,52WPM,90.24%,38.003 SECS,"$2,014",654
08/14/24 9:49 AM,4TH / 5,67WPM,95.51%,27.901 SECS,"$2,229",769
08/14/24 9:50 AM,5TH / 5,64WPM,97.14%,32.741 SECS,"$2,088",703
08/14/24 9:52 AM,5TH / 5,56WPM,93.78%,41.24 SECS,"$2,122",762
08/14/24 9:53 AM,4TH / 5,60WPM,94.48%,36.293 SECS,"$2,250",800
08/14/24 9:54 AM,5TH / 5,58WPM,94.09%,38.708 SECS,"$2,146",786
08/14/24 9:55 AM,5TH / 5,65WPM,94.57%,34.158 SECS,"$2,120",760
08/15/24 10:10 AM,1ST / 5,64WPM,97.09%,19.397 SECS,"$2,378",633
08/15/24 10:10 AM,3RD / 5,59WPM,96.04%,20.386 SECS,"$2,123",573
08/15/24 12:35 PM,1ST / 5,59WPM,96.58%,23.949 SECS,"$2,368",623
08/15/24 12:36 PM,1ST / 5,59WPM,96.3%,21.869 SECS,"$2,343",613
08/15/24 7:23 AM,3RD / 5,57WPM,94.07%,24.942 SECS,"$2,094",554
08/15/24 7:24 AM,2ND / 5,57WPM,96.77%,25.986 SECS,"$52,254","1,599"
08/15/24 7:24 AM,5TH / 5,51WPM,96.58%,27.266 SECS,"$1,912",527
08/15/24 7:25 AM,3RD / 5,58WPM,92.86%,26.114 SECS,"$2,096",556
08/15/24 7:26 AM,1ST / 5,68WPM,97.52%,21.21 SECS,"$2,436",666
08/15/24 7:26 AM,4TH / 5,52WPM,93.55%,28.658 SECS,"$1,974",524
08/15/24 7:27 AM,2ND / 5,57WPM,92.44%,25.132 SECS,"$2,204",574
08/15/24 7:28 AM,1ST / 5,59WPM,99.14%,23.603 SECS,"$2,468",673
08/15/24 7:29 AM,1ST / 5,66WPM,98.28%,21.205 SECS,"$2,582",812
08/15/24 7:29 AM,4TH / 5,53WPM,92.91%,28.619 SECS,"$1,976",526
08/15/24 7:30 AM,2ND / 5,62WPM,96.72%,23.677 SECS,"$2,374",719
08/15/24 7:31 AM,4TH / 5,50WPM,91.23%,27.507 SECS,"$2,090",640
08/15/24 7:32 AM,2ND / 5,57WPM,98.26%,24.131 SECS,"$5,684","4,004"
08/15/24 7:32 AM,3RD / 5,50WPM,94.44%,30.011 SECS,"$2,220",680
08/15/24 7:33 AM,5TH / 5,45WPM,94.17%,32.288 SECS,"$2,000",640
08/15/24 7:34 AM,5TH / 5,46WPM,90.83%,28.614 SECS,"$2,012",652
08/15/24 7:35 AM,1ST / 5,62WPM,99.03%,19.86 SECS,"$4,444","2,649"
08/15/24 7:35 AM,5TH / 5,49WPM,95%,29.597 SECS,"$2,038",678
08/15/24 7:39 AM,1ST / 5,53WPM,95.19%,23.64 SECS,"$2,496",776
08/15/24 7:40 AM,2ND / 5,51WPM,95.41%,25.477 SECS,"$2,392",762
08/15/24 7:40 AM,4TH / 5,47WPM,96.23%,27.268 SECS,"$5,399","3,939"
08/16/24 10:06 AM,1ST / 5,64WPM,96.85%,23.949 SECS,"$2,378",633
08/16/24 10:07 AM,2ND / 5,55WPM,91.3%,25.206 SECS,"$2,200",570
08/16/24 10:36 AM,1ST / 5,61WPM,96.92%,25.395 SECS,"$2,372",627
08/16/24 2:47 PM,5TH / 5,59WPM,93.02%,26.406 SECS,"$1,878",518
08/16/24 2:47 PM,5TH / 5,61WPM,92.8%,24.461 SECS,"$1,882",522
08/16/24 2:48 PM,5TH / 5,62WPM,92.19%,24.941 SECS,"$1,884",524
08/16/24 2:49 PM,1ST / 5,69WPM,99.18%,21.165 SECS,"$2,488",693
08/16/24 2:49 PM,3RD / 5,64WPM,95.16%,23.368 SECS,"$2,108",568
08/16/24 7:35 AM,2ND / 5,51WPM,88.6%,26.567 SECS,"$2,192",562
08/16/24 7:36 AM,1ST / 5,57WPM,95.15%,21.517 SECS,"$2,314",594
08/16/24 7:36 AM,2ND / 5,54WPM,97.17%,23.457 SECS,"$2,248",593
08/16/24 7:37 AM,2ND / 5,57WPM,97.39%,24.122 SECS,"$2,254",599
08/16/24 7:38 AM,1ST / 5,60WPM,98.26%,22.972 SECS,"$2,470",700
08/16/24 7:38 AM,2ND / 5,57WPM,95.76%,25.016 SECS,"$2,279",639
08/16/24 7:39 AM,1ST / 5,66WPM,97.6%,22.886 SECS,"$4,232","2,462"
08/16/24 7:40 AM,5TH / 5,54WPM,91.54%,29.002 SECS,"$1,868",508
08/16/24 7:41 AM,3RD / 5,56WPM,95.2%,26.602 SECS,"$2,092",552
08/16/24 7:42 AM,1ST / 5,56WPM,97.48%,25.44 SECS,"$2,462",717
08/16/24 7:43 AM,1ST / 5,57WPM,97.46%,24.758 SECS,"$2,474",729
08/16/24 7:43 AM,5TH / 5,54WPM,98.37%,27.321 SECS,"$3,888","2,478"
08/16/24 7:44 AM,2ND / 5,63WPM,100%,23.112 SECS,"$2,596",816
08/16/24 7:45 AM,1ST / 5,53WPM,95.58%,25.515 SECS,"$2,471",741
08/16/24 7:45 AM,5TH / 5,52WPM,97.58%,28.552 SECS,"$2,114",704
08/16/24 7:46 AM,1ST / 5,56WPM,95.8%,25.516 SECS,"$5,697","3,967"
08/16/24 7:54 AM,2ND / 5,59WPM,93.1%,23.453 SECS,"$2,378",748
08/19/24 10:00 AM,5TH / 5,51WPM,95.76%,27.981 SECS,"$2,307",767
08/19/24 10:01 AM,1ST / 5,60WPM,99.07%,21.643 SECS,"$6,100","4,125"
08/19/24 7:05 PM,2ND / 5,55WPM,93.04%,25.228 SECS,"$2,200",570
08/19/24 9:22 AM,5TH / 5,52WPM,86.61%,29.543 SECS,"$1,864",504
08/19/24 9:23 AM,3RD / 5,55WPM,90.83%,26.284 SECS,"$2,090",550
08/19/24 9:23 AM,5TH / 5,51WPM,91.11%,31.483 SECS,"$1,862",502
08/19/24 9:24 AM,1ST / 5,63WPM,97.66%,24.363 SECS,"$2,426",656
08/19/24 9:25 AM,5TH / 5,46WPM,93.39%,31.328 SECS,"$1,852",492
08/19/24 9:26 AM,4TH / 5,54WPM,92.91%,28.095 SECS,"$1,978",528
08/19/24 9:34 AM,4TH / 5,56WPM,95.2%,26.826 SECS,"$1,982",532
08/19/24 9:34 AM,4TH / 5,50WPM,93.86%,27.467 SECS,"$1,970",520
08/19/24 9:35 AM,1ST / 5,62WPM,96.46%,21.8 SECS,"$2,349",619
08/19/24 9:36 AM,2ND / 5,53WPM,94.39%,24.334 SECS,"$4,796","3,166"
08/19/24 9:37 AM,1ST / 5,54WPM,96.36%,24.353 SECS,"$2,443",713
08/19/24 9:37 AM,5TH / 5,43WPM,91.67%,29.838 SECS,"$1,966",606
08/19/24 9:38 AM,1ST / 5,53WPM,98.11%,24.198 SECS,"$4,336","2,566"
08/19/24 9:39 AM,1ST / 5,57WPM,98.25%,23.903 SECS,"$2,554",784
08/19/24 9:39 AM,2ND / 5,64WPM,96.52%,21.465 SECS,"$2,418",763
08/19/24 9:40 AM,1ST / 5,54WPM,99.09%,24.224 SECS,"$2,618",823
08/19/24 9:41 AM,2ND / 5,56WPM,92.73%,23.742 SECS,"$2,372",742
08/19/24 9:41 AM,5TH / 5,55WPM,93.7%,27.896 SECS,"$2,050",690
08/19/24 9:42 AM,4TH / 5,50WPM,93.1%,27.584 SECS,"$2,160",710
08/19/24 9:43 AM,1ST / 5,61WPM,94.96%,23.559 SECS,"$2,532",812
08/19/24 9:43 AM,1ST / 5,54WPM,94.23%,23.138 SECS,"$2,508",788
08/19/24 9:46 AM,5TH / 5,45WPM,81.73%,27.627 SECS,"$2,070",710
08/19/24 9:47 AM,1ST / 5,56WPM,93.2%,22.226 SECS,"$2,542",822
08/19/24 9:47 AM,4TH / 5,56WPM,94.49%,27.156 SECS,"$2,222",772
08/19/24 9:48 AM,3RD / 5,53WPM,92.17%,26.199 SECS,"$2,336",796
08/19/24 9:49 AM,1ST / 5,67WPM,99.07%,19.406 SECS,"$2,744",939
08/19/24 9:49 AM,5TH / 5,49WPM,92.98%,27.896 SECS,"$2,128",748
08/19/24 9:50 AM,2ND / 5,51WPM,90.99%,26.067 SECS,"$2,472",812
08/19/24 9:51 AM,1ST / 5,59WPM,98.08%,21.202 SECS,"$2,718",898
08/19/24 9:51 AM,3RD / 5,50WPM,93.04%,27.404 SECS,"$2,370",790
08/19/24 9:52 AM,1ST / 5,59WPM,95.61%,23.372 SECS,"$2,653",863
08/19/24 9:53 AM,1ST / 5,54WPM,95.76%,26.038 SECS,"$2,663",853
08/19/24 9:53 AM,1ST / 5,56WPM,94.96%,25.697 SECS,"$2,632",842
08/19/24 9:54 AM,5TH / 5,56WPM,96.03%,27.059 SECS,"$2,237",777
08/19/24 9:55 AM,2ND / 5,55WPM,95.69%,25.352 SECS,"$2,585",835
08/19/24 9:55 AM,2ND / 5,60WPM,97.37%,22.913 SECS,"$2,610",855
08/19/24 9:56 AM,5TH / 5,54WPM,95.31%,28.6 SECS,"$2,238",758
08/19/24 9:57 AM,1ST / 5,49WPM,91.26%,25.295 SECS,"$2,678",828
08/19/24 9:58 AM,5TH / 5,41WPM,89.52%,31.082 SECS,"$2,242",732
08/19/24 9:58 AM,5TH / 5,45WPM,88.98%,34.093 SECS,"$2,240",740
08/19/24 9:59 AM,5TH / 5,45WPM,96.26%,28.609 SECS,"$2,285",755
08/20/24 1:54 PM,1ST / 5,68WPM,91.23%,20.168 SECS,"$2,336",616
08/20/24 1:57 PM,4TH / 5,57WPM,89.81%,33.101 SECS,"$2,034",584
08/20/24 1:59 PM,3RD / 5,54WPM,90.74%,35.828 SECS,"$2,188",648
08/20/24 11:55 AM,1ST / 5,59WPM,97.39%,23.278 SECS,"$2,368",623
08/20/24 11:55 AM,2ND / 5,60WPM,92.86%,25.174 SECS,"$2,210",580
08/20/24 11:57 AM,2ND / 5,52WPM,85.19%,25.123 SECS,"$2,194",564
08/20/24 2:00 PM,2ND / 5,55WPM,93.71%,34.394 SECS,"$2,300",670
08/20/24 2:01 PM,5TH / 5,58WPM,93.79%,33.34 SECS,"$1,976",616
08/20/24 2:02 PM,4TH / 5,58WPM,94.97%,32.773 SECS,"$2,086",636
08/20/24 2:03 PM,5TH / 5,60WPM,93.67%,31.4 SECS,"$1,980",620
08/20/24 2:04 PM,4TH / 5,59WPM,91.19%,32.408 SECS,"$2,088",638
08/20/24 2:05 PM,4TH / 5,60WPM,91.67%,31.381 SECS,"$2,090",640
08/20/24 2:06 PM,5TH / 5,65WPM,96.08%,28.182 SECS,"$2,065",695
08/20/24 2:07 PM,5TH / 5,64WPM,92.41%,29.765 SECS,"$2,148",788
08/20/24 2:09 PM,5TH / 5,60WPM,94.34%,31.926 SECS,"$2,150",790
08/20/24 2:10 PM,4TH / 5,61WPM,94.9%,30.733 SECS,"$2,272",822
08/20/24 2:11 PM,4TH / 5,65WPM,96.13%,28.71 SECS,"$2,365",905
08/20/24 2:13 PM,5TH / 5,57WPM,93.08%,33.252 SECS,"$2,124",764
08/20/24 7:17 AM,2ND / 5,57WPM,96.26%,22.529 SECS,"$2,229",589
08/20/24 7:18 AM,2ND / 5,45WPM,93.75%,25.408 SECS,"$2,180",550
08/20/24 7:19 AM,1ST / 5,54WPM,92.08%,22.258 SECS,"$2,308",588
08/20/24 7:20 AM,2ND / 5,50WPM,97.14%,25.308 SECS,"$2,240",585
08/20/24 7:21 AM,1ST / 5,62WPM,95.83%,18.488 SECS,"$2,349",619
08/20/24 7:22 AM,1ST / 5,69WPM,99.09%,19.17 SECS,"$2,488",693
08/20/24 7:22 AM,2ND / 5,61WPM,95.58%,22.389 SECS,"$2,237",597
08/20/24 7:23 AM,2ND / 5,63WPM,94.44%,23.932 SECS,"$2,216",586
08/20/24 7:24 AM,3RD / 5,60WPM,95.83%,24.006 SECS,"$2,125",575
08/20/24 7:24 AM,4TH / 5,50WPM,95.54%,26.655 SECS,"$4,595","3,135"
08/20/24 7:25 AM,4TH / 5,50WPM,97.37%,27.18 SECS,"$2,130",655
08/20/24 7:26 AM,2ND / 5,53WPM,94.74%,25.989 SECS,"$4,816","3,186"
08/20/24 7:27 AM,5TH / 5,49WPM,94.4%,30.375 SECS,"$1,998",638
08/20/24 7:27 AM,5TH / 5,53WPM,92.25%,29.308 SECS,"$1,996",636
08/20/24 7:28 AM,5TH / 5,51WPM,92.06%,29.703 SECS,"$5,212","3,852"
08/20/24 7:41 AM,1ST / 5,68WPM,98.28%,20.612 SECS,"$2,596",826
08/21/24 11:44 AM,5TH / 5,49WPM,92.74%,30.587 SECS,"$1,858",498
08/21/24 11:45 AM,5TH / 5,51WPM,96.58%,27.733 SECS,"$1,912",527
08/21/24 11:46 AM,5TH / 5,51WPM,93.8%,30.466 SECS,"$1,862",502
08/21/24 11:47 AM,5TH / 5,54WPM,97.62%,27.827 SECS,"$1,968",558
08/21/24 11:48 AM,2ND / 5,53WPM,94.83%,26.143 SECS,"$2,196",566
08/21/24 11:48 AM,5TH / 5,48WPM,89.6%,31.414 SECS,"$1,856",496
08/21/24 11:49 AM,1ST / 5,59WPM,99.14%,23.755 SECS,"$2,468",673
08/21/24 11:50 AM,1ST / 5,62WPM,97.2%,20.626 SECS,"$2,374",629
08/21/24 11:51 AM,3RD / 5,56WPM,95.69%,25.063 SECS,"$2,167",617
08/21/24 11:52 AM,1ST / 5,60WPM,94.29%,20.98 SECS,"$2,420",700
08/21/24 11:53 AM,1ST / 5,61WPM,96.61%,23.337 SECS,"$2,492",747
08/21/24 11:53 AM,1ST / 5,59WPM,94.39%,21.725 SECS,"$4,228","2,508"
08/21/24 11:54 AM,3RD / 5,52WPM,96.43%,26.049 SECS,"$5,439","3,889"
08/21/24 11:55 AM,1ST / 5,65WPM,99.19%,22.781 SECS,"$2,620",825
08/21/24 11:56 AM,1ST / 5,60WPM,97.52%,24.073 SECS,"$2,580",810
08/21/24 11:56 AM,5TH / 5,55WPM,88.98%,27.828 SECS,"$2,020",660
08/21/24 11:57 AM,4TH / 5,57WPM,96.9%,27.078 SECS,"$2,204",729
08/21/24 11:58 AM,1ST / 5,52WPM,95.65%,26.34 SECS,"$2,509",779
08/21/24 11:59 AM,1ST / 5,59WPM,98.36%,24.993 SECS,"$5,108","3,338"
08/22/24 1:43 PM,5TH / 5,45WPM,90.98%,35.599 SECS,"$1,850",490
08/22/24 9:17 AM,1ST / 5,64WPM,96.64%,22.142 SECS,"$2,378",633
08/22/24 9:17 AM,2ND / 5,60WPM,93.97%,23.194 SECS,"$2,210",580
08/22/24 9:18 AM,2ND / 5,61WPM,97.56%,24.243 SECS,"$2,312",632
08/22/24 9:19 AM,1ST / 5,67WPM,97.48%,21.42 SECS,"$2,384",639
08/22/24 9:19 AM,1ST / 5,57WPM,92.91%,26.739 SECS,"$2,314",594
08/22/24 9:20 AM,2ND / 5,60WPM,96.64%,23.909 SECS,"$2,260",605
08/22/24 9:21 AM,1ST / 5,56WPM,92.24%,24.88 SECS,"$4,112","2,392"
08/22/24 9:21 AM,1ST / 5,63WPM,97.46%,22.346 SECS,"$4,176","2,431"
08/22/24 9:22 AM,2ND / 5,55WPM,95.87%,26.323 SECS,"$2,225",585
08/22/24 9:23 AM,1ST / 5,62WPM,93.16%,22.786 SECS,"$4,924","3,204"
08/23/24 1:25 PM,1ST / 5,69WPM,96.15%,17.996 SECS,"$2,363",633
08/23/24 1:25 PM,1ST / 5,57WPM,94.96%,25.25 SECS,"$2,314",594
08/23/24 2:07 PM,4TH / 5,60WPM,93.05%,37.414 SECS,"$2,140",690
08/23/24 2:08 PM,3RD / 5,61WPM,95.57%,30.892 SECS,"$2,277",727
08/23/24 2:09 PM,5TH / 5,64WPM,93.55%,29.066 SECS,"$1,988",628
08/23/24 2:10 PM,4TH / 5,71WPM,95.77%,32.158 SECS,"$2,137",677
08/23/24 2:11 PM,5TH / 5,62WPM,93.82%,34.315 SECS,"$1,984",624
08/23/24 2:12 PM,5TH / 5,61WPM,96.15%,35.864 SECS,"$2,007",637
08/23/24 2:14 PM,1ST / 5,66WPM,97.12%,25.2 SECS,"$2,382",637
08/23/24 2:14 PM,5TH / 5,61WPM,90.71%,27.539 SECS,"$1,882",522
08/23/24 7:21 AM,3RD / 5,59WPM,95.9%,24.755 SECS,"$2,123",573
08/23/24 7:22 AM,2ND / 5,50WPM,93.97%,27.574 SECS,"$2,190",560
08/23/24 7:23 AM,1ST / 5,57WPM,93.86%,24.155 SECS,"$2,314",594
08/23/24 7:23 AM,3RD / 5,57WPM,97.62%,26.414 SECS,"$2,194",604
08/23/24 7:24 AM,5TH / 5,50WPM,93.28%,28.583 SECS,"$1,860",500
08/23/24 7:25 AM,1ST / 5,64WPM,98.36%,22.869 SECS,"$2,428",658
08/23/24 7:26 AM,4TH / 5,53WPM,93.04%,25.913 SECS,"$1,976",526
08/23/24 7:27 AM,1ST / 5,68WPM,96.36%,19.362 SECS,"$2,361",631
08/23/24 7:28 AM,3RD / 5,53WPM,90.76%,26.904 SECS,"$2,086",546
08/23/24 7:33 AM,3RD / 5,54WPM,95.61%,25.197 SECS,"$57,213","6,663"
08/23/24 7:36 AM,1ST / 5,61WPM,98.06%,20.418 SECS,"$2,542",772
08/23/24 7:36 AM,2ND / 5,52WPM,87.83%,26.475 SECS,"$2,304",674
08/23/24 7:37 AM,3RD / 5,57WPM,96.75%,26.08 SECS,"$2,274",709
08/23/24 7:39 AM,3RD / 5,57WPM,93.7%,26.723 SECS,"$2,234",694
08/23/24 7:42 AM,4TH / 5,57WPM,98.45%,27.298 SECS,"$2,234",734
08/23/24 7:43 AM,5TH / 5,46WPM,90.43%,30.238 SECS,"$2,012",652
08/23/24 7:45 AM,1ST / 5,64WPM,100%,22.784 SECS,"$5,248","3,378"
08/24/24 11:25 PM,5TH / 5,48WPM,87.3%,31.659 SECS,"$1,856",496
08/24/24 11:27 PM,4TH / 5,53WPM,93.5%,27.603 SECS,"$1,976",526
08/25/24 12:09 PM,5TH / 5,50WPM,92.19%,30.646 SECS,"$1,860",500
08/26/24 7:16 AM,5TH / 5,52WPM,89.43%,28.483 SECS,"$1,864",504
08/26/24 7:17 AM,4TH / 5,51WPM,88.5%,26.463 SECS,"$1,972",522
08/26/24 7:18 AM,1ST / 5,69WPM,95.61%,19.856 SECS,"$2,363",633
08/26/24 7:19 AM,2ND / 5,57WPM,94.92%,24.863 SECS,"$2,204",574
08/26/24 7:20 AM,4TH / 5,52WPM,95.83%,27.935 SECS,"$1,999",539
08/26/24 7:23 AM,1ST / 5,54WPM,92.23%,22.788 SECS,"$2,308",588
08/26/24 7:24 AM,5TH / 5,46WPM,93.33%,27.641 SECS,"$1,902",542
08/26/24 7:25 AM,1ST / 5,63WPM,98.11%,20.153 SECS,"$4,226","2,456"
08/26/24 7:25 AM,1ST / 5,59WPM,91.51%,21.405 SECS,"$2,318",598
08/26/24 7:26 AM,4TH / 5,45WPM,88.29%,29.309 SECS,"$4,560","3,110"
08/26/24 7:29 AM,2ND / 5,62WPM,93.52%,20.966 SECS,"$2,334",704
08/26/24 7:29 AM,5TH / 5,49WPM,86.09%,28.117 SECS,"$1,968",608
08/26/24 7:32 AM,2ND / 5,61WPM,95.73%,23.05 SECS,"$5,567","3,927"
08/26/24 7:34 AM,2ND / 5,61WPM,94.78%,22.732 SECS,"$2,352",722
08/26/24 7:35 AM,2ND / 5,63WPM,95.58%,21.498 SECS,"$2,391",751
08/26/24 7:36 AM,2ND / 5,55WPM,95.54%,24.477 SECS,"$2,385",745
08/26/24 7:37 AM,5TH / 5,55WPM,94.44%,27.552 SECS,"$2,040",680
08/26/24 7:57 AM,1ST / 5,65WPM,95.28%,23.517 SECS,"$2,510",790
08/26/24 7:59 AM,1ST / 5,75WPM,94.4%,20.098 SECS,"$2,540",820
08/26/24 8:00 AM,1ST / 5,60WPM,93.39%,24.368 SECS,"$2,520",800
08/26/24 8:01 AM,1ST / 5,71WPM,97.41%,19.624 SECS,"$2,602",857
08/26/24 8:02 AM,1ST / 5,66WPM,97.06%,24.561 SECS,"$2,612",867
08/26/24 8:02 AM,2ND / 5,59WPM,90.32%,25.171 SECS,"$2,428",798
08/27/24 7:12 AM,4TH / 5,52WPM,96.97%,30.61 SECS,"$2,024",549
08/27/24 7:13 AM,1ST / 5,74WPM,99.19%,20.005 SECS,"$2,498",703
08/27/24 7:21 AM,3RD / 5,61WPM,94.12%,26.886 SECS,"$2,102",562
08/27/24 7:22 AM,2ND / 5,60WPM,96.85%,25.21 SECS,"$2,260",605
08/27/24 7:23 AM,5TH / 5,49WPM,91.54%,31.733 SECS,"$1,858",498
08/27/24 7:23 AM,5TH / 5,59WPM,94.89%,27.878 SECS,"$1,878",518
08/27/24 7:25 AM,5TH / 5,55WPM,91.57%,36.131 SECS,"$2,020",660
08/27/24 7:26 AM,5TH / 5,60WPM,95.93%,34.234 SECS,"$2,055",685
08/27/24 7:28 AM,5TH / 5,58WPM,95.54%,32.262 SECS,"$3,751","2,381"
08/27/24 7:29 AM,5TH / 5,61WPM,93.21%,31.72 SECS,"$2,082",722
08/27/24 7:30 AM,5TH / 5,50WPM,96.2%,38.106 SECS,"$2,095",725
08/27/24 7:31 AM,5TH / 5,64WPM,96.08%,28.563 SECS,"$2,083",713
08/27/24 7:32 AM,5TH / 5,57WPM,90.85%,32.412 SECS,"$2,054",694
08/27/24 7:33 AM,5TH / 5,58WPM,92.5%,33.075 SECS,"$5,266","3,906"
08/27/24 7:34 AM,4TH / 5,57WPM,91.67%,35.594 SECS,"$2,184",734
08/27/24 7:36 AM,5TH / 5,52WPM,92.26%,38.565 SECS,"$2,124",764
08/27/24 7:37 AM,5TH / 5,59WPM,96.39%,33.648 SECS,"$2,183",813
08/27/24 7:37 AM,5TH / 5,56WPM,95.27%,36.229 SECS,"$2,142",782
08/27/24 7:38 AM,1ST / 5,60WPM,96.64%,23.827 SECS,"$2,660",915
08/27/24 7:39 AM,3RD / 5,60WPM,95.35%,25.793 SECS,"$2,400",860
08/27/24 7:40 AM,1ST / 5,62WPM,95.61%,22.22 SECS,"$2,659",929
08/27/24 7:40 AM,5TH / 5,53WPM,90.68%,26.853 SECS,"$2,136",776
08/27/24 7:41 AM,2ND / 5,56WPM,96.67%,25.772 SECS,"$2,532",877
08/27/24 7:42 AM,4TH / 5,54WPM,95.93%,27.127 SECS,"$2,293",833
08/27/24 7:43 AM,1ST / 5,53WPM,96.15%,29.563 SECS,"$2,581",851
08/27/24 7:44 AM,2ND / 5,55WPM,98.31%,25.702 SECS,"$2,560",870
08/27/24 7:45 AM,2ND / 5,53WPM,91.45%,26.361 SECS,"$2,476",816
08/27/24 7:45 AM,5TH / 5,53WPM,97.6%,28.466 SECS,"$2,236",806
08/27/24 7:53 AM,3RD / 5,55WPM,91.67%,26.209 SECS,"$2,380",800
08/27/24 7:55 AM,1ST / 5,53WPM,97.14%,23.978 SECS,"$2,656",861
08/27/24 7:56 AM,1ST / 5,58WPM,94.34%,22.024 SECS,"$52,626","1,846"
08/27/24 7:57 AM,2ND / 5,57WPM,94.74%,24.066 SECS,"$2,524",824
08/27/24 7:57 AM,3RD / 5,52WPM,94.02%,27.221 SECS,"$2,414",794
08/27/24 7:58 AM,1ST / 5,49WPM,90.74%,26.261 SECS,"$2,638",828
08/27/24 7:59 AM,5TH / 5,53WPM,97.46%,26.789 SECS,"$2,266",781
08/27/24 8:00 AM,1ST / 5,65WPM,97.48%,21.913 SECS,"$2,750",885
08/27/24 8:00 AM,1ST / 5,64WPM,98.21%,20.969 SECS,"$2,788",908
08/27/24 8:01 AM,1ST / 5,61WPM,100%,20.615 SECS,"$5,452","3,452"
08/27/24 8:02 AM,5TH / 5,50WPM,93.39%,28.889 SECS,"$2,250",750
08/27/24 8:03 AM,5TH / 5,49WPM,91.89%,27.339 SECS,"$2,258",748
08/27/24 8:04 AM,1ST / 5,61WPM,95.37%,21.338 SECS,"$2,732",852
08/27/24 8:05 AM,2ND / 5,60WPM,93.97%,23.342 SECS,"$2,640",830
08/27/24 8:05 AM,2ND / 5,58WPM,93.64%,22.806 SECS,"$52,626","1,826"
08/27/24 8:07 AM,1ST / 5,58WPM,96.15%,26.961 SECS,"$2,781",861
08/27/24 8:08 AM,2ND / 5,60WPM,100%,22.444 SECS,"$2,910",930
08/27/24 8:09 AM,3RD / 5,53WPM,93.16%,26.482 SECS,"$2,556",796
08/27/24 8:09 AM,5TH / 5,53WPM,92.86%,28.704 SECS,"$2,326",756
08/27/24 8:11 AM,2ND / 5,53WPM,95.87%,27.212 SECS,"$2,701",831
08/27/24 8:12 AM,1ST / 5,57WPM,94.96%,25.056 SECS,"$2,814",844
08/27/24 8:12 AM,2ND / 5,54WPM,93.16%,25.927 SECS,"$2,688",818
08/27/24 8:13 AM,2ND / 5,59WPM,95.12%,24.986 SECS,"$2,718",828
08/27/24 8:14 AM,4TH / 5,56WPM,96.85%,27.221 SECS,"$2,552",807
08/27/24 8:14 AM,5TH / 5,55WPM,96.12%,28.276 SECS,"$2,425",775
08/27/24 8:15 AM,1ST / 5,61WPM,96.83%,24.696 SECS,"$2,912",877
08/27/24 8:16 AM,5TH / 5,52WPM,92.97%,29.289 SECS,"$2,414",754
08/27/24 8:17 AM,1ST / 5,58WPM,92.86%,23.307 SECS,"$2,876",846
08/27/24 8:18 AM,3RD / 5,55WPM,95%,26.145 SECS,"$2,660",800
08/27/24 8:20 AM,1ST / 5,61WPM,96.49%,22.409 SECS,"$2,927",867
08/27/24 8:20 AM,2ND / 5,58WPM,98.32%,24.539 SECS,"$2,896",876
08/27/24 8:21 AM,2ND / 5,57WPM,95.69%,24.241 SECS,"$2,829",839
08/27/24 8:23 AM,4TH / 5,57WPM,92.86%,26.66 SECS,"$2,594",784
08/27/24 8:24 AM,2ND / 5,54WPM,95.58%,25.174 SECS,"$2,843",833
08/27/24 8:25 AM,1ST / 5,65WPM,96.9%,23.874 SECS,"$3,020",885
08/27/24 8:25 AM,1ST / 5,55WPM,94.92%,25.57 SECS,"$2,940",840
08/28/24 11:03 AM,1ST / 5,59WPM,95.8%,24.139 SECS,"$2,343",613
08/28/24 11:06 AM,2ND / 5,58WPM,95.69%,23.952 SECS,"$2,231",591
08/28/24 11:07 AM,2ND / 5,46WPM,92.23%,26.982 SECS,"$2,182",552
08/28/24 11:10 AM,1ST / 5,56WPM,91.51%,22.697 SECS,"$2,312",592
08/28/24 11:11 AM,5TH / 5,49WPM,95.08%,29.726 SECS,"$1,858",498
08/28/24 11:12 AM,1ST / 5,50WPM,96.3%,25.943 SECS,"$2,325",595
08/28/24 11:13 AM,1ST / 5,66WPM,99.05%,19.217 SECS,"$2,482",687
08/28/24 7:32 AM,2ND / 5,60WPM,96.77%,24.829 SECS,"$2,260",605
08/28/24 7:48 AM,5TH / 5,51WPM,92.25%,30.615 SECS,"$1,862",502
08/28/24 7:50 AM,5TH / 5,52WPM,96.83%,29.191 SECS,"$1,914",529
08/28/24 7:51 AM,5TH / 5,48WPM,94.57%,32.227 SECS,"$1,856",496
08/28/24 7:52 AM,1ST / 5,56WPM,95.28%,22.631 SECS,"$2,312",592
08/28/24 7:53 AM,1ST / 5,56WPM,95.24%,22.384 SECS,"$2,312",592
08/28/24 7:54 AM,2ND / 5,47WPM,93.27%,26.314 SECS,"$2,184",554
08/28/24 7:55 AM,1ST / 5,55WPM,97.25%,23.871 SECS,"$2,360",615
08/28/24 7:56 AM,1ST / 5,59WPM,96.55%,23.775 SECS,"$2,368",623
08/28/24 7:58 AM,1ST / 5,56WPM,97.17%,22.607 SECS,"$54,962","4,217"
08/28/24 7:58 AM,3RD / 5,47WPM,89.09%,28.21 SECS,"$5,384","3,844"
08/28/24 8:00 AM,1ST / 5,61WPM,96.23%,20.95 SECS,"$2,467",737
08/28/24 8:06 AM,1ST / 5,48WPM,89.32%,25.81 SECS,"$2,426",706
08/28/24 8:08 AM,1ST / 5,63WPM,97.37%,21.777 SECS,"$2,516",771
08/28/24 8:19 AM,1ST / 5,58WPM,98.17%,22.656 SECS,"$2,566",796
08/28/24 8:24 AM,1ST / 5,61WPM,96.46%,22.295 SECS,"$2,507",777
08/28/24 8:25 AM,1ST / 5,63WPM,98.1%,20.019 SECS,"$2,596",826
08/28/24 8:25 AM,2ND / 5,56WPM,96%,27.013 SECS,"$5,657","4,017"
08/28/24 8:28 AM,4TH / 5,60WPM,95.93%,24.43 SECS,"$2,205",745
08/28/24 8:29 AM,2ND / 5,63WPM,95.12%,23.543 SECS,"$2,416",786
08/28/24 8:31 AM,2ND / 5,60WPM,97.44%,23.234 SECS,"$2,470",815
08/28/24 8:32 AM,5TH / 5,41WPM,94.31%,36.039 SECS,"$2,062",702
08/28/24 8:33 AM,1ST / 5,64WPM,96.72%,23.051 SECS,"$2,608",863
08/28/24 8:35 AM,5TH / 5,43WPM,90.16%,33.834 SECS,"$2,086",726
08/28/24 8:39 AM,5TH / 5,50WPM,93.7%,30.311 SECS,"$2,110",750
08/28/24 8:42 AM,2ND / 5,63WPM,92.25%,24.491 SECS,"$2,476",836
08/28/24 8:43 AM,2ND / 5,61WPM,96.67%,23.719 SECS,"$2,532",857
08/28/24 8:44 AM,1ST / 5,66WPM,99.12%,20.749 SECS,"$2,762",937
08/28/24 8:45 AM,5TH / 5,46WPM,95.35%,33.889 SECS,"$2,142",742
08/28/24 8:47 AM,3RD / 5,51WPM,94.34%,24.894 SECS,"$2,382",792
08/28/24 8:48 AM,1ST / 5,58WPM,98.25%,23.497 SECS,"$2,726",896
08/29/24 10:35 AM,1ST / 5,60WPM,94.96%,23.815 SECS,"$2,320",600
08/29/24 10:35 AM,1ST / 5,65WPM,96.67%,22.034 SECS,"$2,380",635
08/29/24 10:36 AM,5TH / 5,57WPM,93.85%,27.556 SECS,"$1,874",514
08/29/24 10:37 AM,1ST / 5,62WPM,96.21%,25.43 SECS,"$2,349",619
08/29/24 10:37 AM,1ST / 5,59WPM,96.8%,25.6 SECS,"$2,368",623
08/29/24 10:38 AM,1ST / 5,64WPM,96.24%,24.932 SECS,"$2,353",623
08/29/24 10:39 AM,5TH / 5,57WPM,94.7%,27.747 SECS,"$1,874",514
08/29/24 10:40 AM,2ND / 5,55WPM,96%,27.44 SECS,"$2,225",585
08/29/24 10:41 AM,2ND / 5,64WPM,96.32%,25.653 SECS,"$2,243",603
08/29/24 10:43 AM,2ND / 5,68WPM,98.52%,23.98 SECS,"$2,486",781
08/29/24 10:43 AM,2ND / 5,64WPM,98.5%,24.754 SECS,"$2,418",738
08/29/24 10:44 AM,3RD / 5,59WPM,96.92%,26.415 SECS,"$2,268",703
08/29/24 10:45 AM,1ST / 5,65WPM,97.1%,25.58 SECS,"$2,510",765
08/29/24 10:46 AM,2ND / 5,65WPM,95.97%,23.042 SECS,"$2,385",745
08/29/24 10:46 AM,3RD / 5,61WPM,97.06%,26.968 SECS,"$2,302",737
08/29/24 10:47 AM,2ND / 5,60WPM,95.31%,25.547 SECS,"$2,370",740
08/29/24 10:48 AM,5TH / 5,60WPM,95.56%,26.982 SECS,"$2,075",705
08/29/24 12:47 PM,3RD / 5,57WPM,92.48%,28.178 SECS,"$2,094",554
08/29/24 12:47 PM,5TH / 5,58WPM,93.53%,28.743 SECS,"$1,876",516
08/29/24 12:48 PM,1ST / 5,61WPM,95.42%,25.784 SECS,"$2,322",602
08/29/24 2:21 PM,3RD / 5,66WPM,96.95%,23.968 SECS,"$2,162",597
08/29/24 2:22 PM,2ND / 5,59WPM,93.8%,26.191 SECS,"$2,208",578
08/29/24 2:24 PM,2ND / 5,69WPM,97.06%,23.484 SECS,"$2,278",623
08/29/24 2:25 PM,1ST / 5,68WPM,99.22%,22.731 SECS,"$2,486",691
08/29/24 2:26 PM,2ND / 5,73WPM,96.35%,22.456 SECS,"$2,261",621
08/29/24 2:26 PM,3RD / 5,64WPM,95.97%,23.254 SECS,"$52,133","1,583"
08/29/24 2:27 PM,2ND / 5,67WPM,96.15%,23.201 SECS,"$2,249",609
08/29/24 2:28 PM,1ST / 5,72WPM,96.45%,23.376 SECS,"$2,369",639
08/29/24 2:28 PM,4TH / 5,57WPM,90.91%,30.205 SECS,"$1,984",534
08/29/24 2:29 PM,5TH / 5,59WPM,93.53%,28.037 SECS,"$1,978",618
08/29/24 2:30 PM,1ST / 5,62WPM,97.66%,24.659 SECS,"$2,534",764
08/29/24 2:30 PM,3RD / 5,62WPM,95.83%,27.806 SECS,"$2,249",699
08/29/24 2:31 PM,3RD / 5,66WPM,93.39%,21.947 SECS,"$2,242",702
08/29/24 2:32 PM,4TH / 5,69WPM,94.74%,26.432 SECS,"$2,148",698
08/29/24 7:23 AM,1ST / 5,54WPM,93.81%,24.884 SECS,"$2,308",588
08/29/24 7:24 AM,3RD / 5,54WPM,93.22%,26.355 SECS,"$2,088",548
08/29/24 7:32 AM,1ST / 5,59WPM,96.19%,21.416 SECS,"$2,343",613
08/29/24 7:35 AM,1ST / 5,60WPM,93.81%,22.558 SECS,"$2,320",600
08/29/24 7:36 AM,3RD / 5,57WPM,92.59%,22.56 SECS,"$2,094",554
08/29/24 7:36 AM,4TH / 5,58WPM,93.02%,26.696 SECS,"$1,986",536
08/29/24 7:41 AM,5TH / 5,53WPM,90.55%,28.696 SECS,"$3,666","2,306"
08/29/24 7:42 AM,2ND / 5,60WPM,97.58%,24.887 SECS,"$2,310",630
08/29/24 7:47 AM,4TH / 5,52WPM,89.08%,27.344 SECS,"$1,974",524
08/29/24 7:48 AM,1ST / 5,56WPM,98.31%,25.319 SECS,"$2,512",742
08/29/24 7:53 AM,4TH / 5,55WPM,94.02%,25.619 SECS,"$2,090",640
08/29/24 7:54 AM,3RD / 5,48WPM,94.96%,29.902 SECS,"$2,196",656
08/29/24 7:55 AM,5TH / 5,48WPM,95.73%,29.114 SECS,"$2,011",641
08/29/24 7:56 AM,1ST / 5,59WPM,96.19%,21.407 SECS,"$2,493",763
08/29/24 7:56 AM,1ST / 5,53WPM,97.06%,23.143 SECS,"$4,296","2,551"
08/29/24 7:57 AM,1ST / 5,63WPM,98.17%,20.652 SECS,"$2,586",816
08/29/24 7:59 AM,1ST / 5,55WPM,95.37%,23.646 SECS,"$52,480","1,760"
08/29/24 8:00 AM,2ND / 5,60WPM,98.31%,23.588 SECS,"$2,490",810
08/29/24 8:01 AM,1ST / 5,58WPM,96.15%,21.334 SECS,"$5,731","4,001"
08/29/24 8:02 AM,2ND / 5,54WPM,91.6%,26.313 SECS,"$2,398",768
08/29/24 8:03 AM,2ND / 5,59WPM,96.15%,26.607 SECS,"$2,443",803
08/29/24 8:23 AM,4TH / 5,37WPM,87.39%,36.001 SECS,"$2,164",714
08/29/24 8:27 AM,4TH / 5,51WPM,91.23%,26.806 SECS,"$2,202",752
08/29/24 8:30 AM,1ST / 5,62WPM,98.13%,20.597 SECS,"$2,674",904
08/29/24 8:30 AM,3RD / 5,50WPM,89.72%,25.636 SECS,"$2,320",780
08/29/24 8:54 AM,3RD / 5,59WPM,99.15%,24.188 SECS,"$2,508",883
08/29/24 8:55 AM,2ND / 5,60WPM,96.15%,20.717 SECS,"$2,515",845
08/29/24 8:55 AM,2ND / 5,59WPM,96.12%,21.104 SECS,"$2,503",843
08/29/24 8:56 AM,1ST / 5,56WPM,94.59%,23.697 SECS,"$2,602",842
08/29/24 8:57 AM,1ST / 5,62WPM,97.09%,19.96 SECS,"$2,674",879
08/29/24 8:58 AM,1ST / 5,59WPM,96.55%,23.571 SECS,"$2,678",873
08/29/24 8:58 AM,2ND / 5,54WPM,93.86%,25.239 SECS,"$2,518",818
08/29/24 8:59 AM,1ST / 5,59WPM,96.88%,25.91 SECS,"$2,698",873
08/29/24 9:00 AM,1ST / 5,61WPM,95.65%,22.596 SECS,"$2,687",867
08/29/24 9:00 AM,5TH / 5,55WPM,91.54%,28.39 SECS,"$2,220",760
08/29/24 9:01 AM,4TH / 5,53WPM,94.53%,28.747 SECS,"$2,336",776
08/29/24 9:02 AM,5TH / 5,48WPM,91.45%,29.221 SECS,"$2,226",746
08/29/24 9:03 AM,5TH / 5,51WPM,94.4%,29.57 SECS,"$2,242",752
08/29/24 9:04 AM,1ST / 5,65WPM,99.08%,20.149 SECS,"$2,870",935
08/29/24 9:05 AM,1ST / 5,60WPM,96%,25.007 SECS,"$2,755",865
08/29/24 9:05 AM,2ND / 5,58WPM,97.64%,26.053 SECS,"$2,706",876
08/29/24 9:06 AM,1ST / 5,55WPM,96.58%,25.439 SECS,"$2,780",865
08/29/24 9:07 AM,2ND / 5,55WPM,94.87%,25.483 SECS,"$2,630",820
08/29/24 9:08 AM,1ST / 5,59WPM,95.76%,24.172 SECS,"$2,793",863
08/29/24 9:08 AM,2ND / 5,59WPM,93.7%,25.902 SECS,"$2,648",828
08/29/24 9:09 AM,5TH / 5,47WPM,90.27%,29.062 SECS,"$2,314",744
08/29/24 9:10 AM,1ST / 5,61WPM,95.08%,24.171 SECS,"$2,792",852
08/29/24 9:10 AM,3RD / 5,55WPM,95.35%,28.354 SECS,"$2,570",800
08/29/24 9:11 AM,2ND / 5,61WPM,97.48%,23.377 SECS,"$2,752",857
08/29/24 9:12 AM,1ST / 5,64WPM,100%,21.253 SECS,"$3,078",958
08/29/24 9:13 AM,1ST / 5,66WPM,99.2%,22.683 SECS,"$2,992",937
08/29/24 9:14 AM,1ST / 5,63WPM,96.58%,22.137 SECS,"$2,906",881
08/29/24 9:14 AM,1ST / 5,60WPM,93.7%,25.292 SECS,"$2,840",850
08/29/24 9:15 AM,5TH / 5,57WPM,92.86%,26.585 SECS,"$2,414",764
08/30/24 1:08 PM,5TH / 5,54WPM,89.63%,30.169 SECS,"$1,868",508
08/30/24 1:09 PM,3RD / 5,51WPM,88.71%,28.946 SECS,"$2,082",542
08/30/24 1:57 PM,1ST / 5,58WPM,92.68%,25.662 SECS,"$2,316",596
08/30/24 1:58 PM,2ND / 5,65WPM,97.54%,22.472 SECS,"$2,320",640
08/30/24 1:59 PM,4TH / 5,60WPM,93.28%,26.849 SECS,"$2,040",590
08/30/24 2:00 PM,2ND / 5,61WPM,93.28%,23.575 SECS,"$2,262",632
08/30/24 2:01 PM,2ND / 5,60WPM,94.44%,25.036 SECS,"$2,260",630
08/30/24 2:02 PM,2ND / 5,63WPM,95.73%,22.431 SECS,"$2,241",601
08/30/24 2:03 PM,1ST / 5,61WPM,99.14%,22.919 SECS,"$2,472",677
08/30/24 7:31 AM,5TH / 5,61WPM,90.97%,28.41 SECS,"$1,882",522
08/30/24 7:32 AM,5TH / 5,55WPM,93.48%,30.165 SECS,"$1,870",510
08/30/24 7:32 AM,5TH / 5,56WPM,94.2%,29.504 SECS,"$1,872",512
08/30/24 7:33 AM,2ND / 5,57WPM,95.52%,28.254 SECS,"$2,229",589
08/30/24 7:34 AM,1ST / 5,53WPM,96.43%,25.343 SECS,"$2,331",601
08/30/24 7:35 AM,4TH / 5,55WPM,98.4%,27.156 SECS,"$2,080",580
08/30/24 7:35 AM,4TH / 5,58WPM,97.66%,26.678 SECS,"$2,086",586
08/30/24 7:36 AM,1ST / 5,57WPM,97.39%,24.012 SECS,"$2,364",619
08/30/24 7:37 AM,1ST / 5,74WPM,99.15%,18.866 SECS,"$2,598",803
08/30/24 7:37 AM,3RD / 5,56WPM,96.67%,25.928 SECS,"$3,942","2,377"
08/30/24 7:38 AM,1ST / 5,68WPM,98.33%,21.303 SECS,"$2,546",776
08/30/24 7:39 AM,1ST / 5,62WPM,93.33%,23.181 SECS,"$2,444",724
08/30/24 7:39 AM,2ND / 5,59WPM,97.64%,25.906 SECS,"$4,938","3,258"
08/30/24 7:40 AM,2ND / 5,58WPM,93.28%,24.583 SECS,"$2,396",766
08/30/24 7:41 AM,3RD / 5,61WPM,96.72%,24.137 SECS,"$2,352",787
08/30/24 7:42 AM,4TH / 5,53WPM,94.21%,27.156 SECS,"$2,136",686
08/30/24 7:42 AM,5TH / 5,58WPM,94.37%,29.131 SECS,"$2,096",736
08/30/24 7:43 AM,2ND / 5,52WPM,91.53%,27.07 SECS,"$5,574","3,944"
08/30/24 7:46 AM,1ST / 5,58WPM,92.11%,23.682 SECS,"$2,506",786
08/30/24 7:47 AM,5TH / 5,52WPM,92.03%,31.83 SECS,"$2,064",704
08/30/24 7:48 AM,1ST / 5,58WPM,96.58%,24.018 SECS,"$2,576",831
08/30/24 8:45 AM,1ST / 5,68WPM,98.46%,22.939 SECS,"$2,486",716
08/30/24 8:46 AM,2ND / 5,60WPM,95.76%,23.523 SECS,"$2,285",645
08/30/24 8:47 AM,1ST / 5,69WPM,98.32%,20.79 SECS,"$2,488",718
08/31/24 5:05 PM,1ST / 5,71WPM,94.74%,19.185 SECS,"$2,342",622
09/01/24 10:53 AM,4TH / 5,52WPM,89.83%,27.071 SECS,"$1,974",524
09/01/24 10:54 AM,5TH / 5,26WPM,87.4%,58.241 SECS,"$1,812",452
09/01/24 10:55 AM,1ST / 5,65WPM,94.34%,19.671 SECS,"$2,330",610
09/02/24 1:01 PM,5TH / 5,61WPM,94.85%,26.873 SECS,"$1,882",522
09/02/24 1:02 PM,2ND / 5,57WPM,96.18%,27.576 SECS,"$2,229",589
09/02/24 1:02 PM,5TH / 5,61WPM,93.33%,26.478 SECS,"$1,882",522
09/02/24 1:03 PM,1ST / 5,64WPM,93.18%,24.596 SECS,"$2,328",608
09/02/24 1:04 PM,1ST / 5,63WPM,95.65%,26.134 SECS,"$2,351",621
09/02/24 1:04 PM,1ST / 5,59WPM,92.97%,25.875 SECS,"$2,318",598
09/02/24 1:05 PM,1ST / 5,71WPM,98.45%,21.85 SECS,"$2,442",672
09/02/24 1:06 PM,5TH / 5,55WPM,88.89%,29.489 SECS,"$1,870",510
09/02/24 1:24 PM,1ST / 5,66WPM,94.78%,24.526 SECS,"$2,332",612
09/02/24 1:25 PM,5TH / 5,58WPM,94.53%,26.645 SECS,"$1,976",616
09/02/24 11:04 AM,1ST / 5,61WPM,93.33%,26.721 SECS,"$2,322",602
09/02/24 11:04 AM,5TH / 5,58WPM,93.38%,28.043 SECS,"$1,876",516
09/02/24 11:06 AM,3RD / 5,66WPM,95.59%,24.706 SECS,"$2,137",587
09/02/24 11:27 AM,1ST / 5,66WPM,95.74%,25.703 SECS,"$2,357",627
09/02/24 2:34 PM,4TH / 5,59WPM,92.75%,28.228 SECS,"$1,988",538
09/02/24 2:34 PM,5TH / 5,53WPM,85.4%,30.902 SECS,"$1,866",506
09/02/24 2:46 PM,2ND / 5,59WPM,91.27%,25.492 SECS,"$2,208",578
09/02/24 2:47 PM,1ST / 5,68WPM,93.08%,22.852 SECS,"$2,336",616
09/02/24 2:48 PM,4TH / 5,57WPM,93.85%,27.317 SECS,"$1,984",534
09/02/24 2:48 PM,4TH / 5,56WPM,89.39%,28.216 SECS,"$1,982",532
09/02/24 7:19 AM,1ST / 5,54WPM,94.69%,25.224 SECS,"$2,308",588
09/02/24 7:19 AM,1ST / 5,57WPM,89%,21.169 SECS,"$2,314",594
09/02/24 7:21 AM,2ND / 5,61WPM,93.91%,22.714 SECS,"$2,212",582
09/02/24 7:23 AM,2ND / 5,58WPM,96.75%,25.284 SECS,"$2,306",651
09/02/24 7:24 AM,1ST / 5,63WPM,95.76%,22.528 SECS,"$2,351",621
09/02/24 7:25 AM,1ST / 5,66WPM,94.44%,19.707 SECS,"$4,132","2,412"
09/02/24 7:25 AM,1ST / 5,74WPM,97.44%,19.067 SECS,"$2,398",653
09/02/24 7:26 AM,3RD / 5,53WPM,88.03%,26.48 SECS,"$2,086",546
09/02/24 7:27 AM,1ST / 5,69WPM,99.04%,18.155 SECS,"$52,488","1,693"
09/02/24 7:28 AM,2ND / 5,61WPM,96.75%,24.045 SECS,"$2,362",707
09/02/24 7:29 AM,2ND / 5,60WPM,91.41%,25.707 SECS,"$4,130","2,500"
09/02/24 7:29 AM,4TH / 5,52WPM,92.31%,30.14 SECS,"$2,134",684
09/02/24 7:30 AM,4TH / 5,54WPM,91.11%,30.245 SECS,"$2,108",658
09/02/24 7:31 AM,3RD / 5,52WPM,96.64%,27.312 SECS,"$2,274",709
09/02/24 7:32 AM,1ST / 5,61WPM,94.92%,23.203 SECS,"$2,472",752
09/02/24 7:32 AM,4TH / 5,55WPM,93.89%,28.604 SECS,"$2,140",690
09/02/24 7:33 AM,1ST / 5,61WPM,94.17%,23.425 SECS,"$2,492",772
09/02/24 7:34 AM,1ST / 5,58WPM,98.35%,25.014 SECS,"$2,596",826
09/02/24 7:34 AM,5TH / 5,55WPM,96.03%,27.522 SECS,"$2,085",715
09/02/24 7:35 AM,4TH / 5,61WPM,95.28%,25.117 SECS,"$2,192",742
09/02/24 7:36 AM,5TH / 5,56WPM,93.6%,26.674 SECS,"$2,082",722
09/02/24 7:37 AM,4TH / 5,53WPM,95.2%,28.248 SECS,"$2,206",756
09/02/24 7:37 AM,4TH / 5,51WPM,89.92%,30.139 SECS,"$2,192",742
09/02/24 7:38 AM,5TH / 5,47WPM,92.13%,32.326 SECS,"$2,094",734
09/02/24 7:39 AM,2ND / 5,52WPM,96.19%,24.101 SECS,"$5,669","4,029"
09/02/24 9:16 AM,1ST / 5,66WPM,98.04%,18.472 SECS,"$2,432",662
09/02/24 9:16 AM,4TH / 5,52WPM,91.38%,27.021 SECS,"$1,974",524
09/02/24 9:18 AM,2ND / 5,59WPM,91.67%,26.838 SECS,"$2,208",578
09/02/24 9:19 AM,2ND / 5,62WPM,94.12%,23.103 SECS,"$2,214",584
09/02/24 9:26 AM,3RD / 5,62WPM,96.64%,22.881 SECS,"$2,154",589
09/02/24 9:27 AM,1ST / 5,61WPM,94.69%,22.333 SECS,"$2,322",602
09/02/24 9:28 AM,1ST / 5,61WPM,96.12%,25.492 SECS,"$2,347",617
09/02/24 9:33 AM,1ST / 5,61WPM,95.61%,22.512 SECS,"$2,347",617
09/02/24 9:34 AM,5TH / 5,49WPM,94.44%,30.754 SECS,"$1,858",498
09/02/24 9:40 AM,1ST / 5,74WPM,96.8%,20.38 SECS,"$2,498",753
09/02/24 9:41 AM,1ST / 5,58WPM,95.12%,25.242 SECS,"$2,426",706
09/02/24 9:46 AM,1ST / 5,67WPM,96.88%,23.042 SECS,"$2,504",759
09/03/24 1:05 PM,3RD / 5,62WPM,95.56%,26.264 SECS,"$2,129",579
09/03/24 1:12 PM,2ND / 5,63WPM,96.43%,26.675 SECS,"$2,241",601
09/03/24 1:14 PM,2ND / 5,64WPM,94.49%,23.702 SECS,"$2,268",638
09/03/24 1:15 PM,3RD / 5,53WPM,95.31%,29.062 SECS,"$2,086",546
09/03/24 1:16 PM,2ND / 5,64WPM,95.97%,23.269 SECS,"$2,243",603
09/03/24 1:17 PM,3RD / 5,60WPM,96.9%,25.703 SECS,"$2,200",635
09/03/24 1:30 PM,3RD / 5,58WPM,91.41%,26.443 SECS,"$2,096",556
09/03/24 1:34 PM,1ST / 5,65WPM,95.59%,25.178 SECS,"$2,355",625
09/03/24 1:34 PM,4TH / 5,57WPM,92.68%,25.854 SECS,"$1,984",534
09/03/24 1:35 PM,1ST / 5,66WPM,99.15%,21.405 SECS,"$2,582",787
09/03/24 1:37 PM,3RD / 5,64WPM,96.88%,23.915 SECS,"$2,268",703
09/03/24 1:38 PM,4TH / 5,57WPM,94.57%,27.157 SECS,"$2,104",654
09/03/24 1:39 PM,2ND / 5,65WPM,94.74%,24.648 SECS,"$2,350",720
09/03/24 1:41 PM,1ST / 5,64WPM,97.66%,24.026 SECS,"$2,568",798
09/03/24 1:53 PM,4TH / 5,62WPM,96.8%,24.172 SECS,"$2,194",719
09/03/24 10:06 AM,1ST / 5,61WPM,97.64%,24.826 SECS,"$2,422",652
09/03/24 10:07 AM,1ST / 5,68WPM,96.58%,20.794 SECS,"$2,386",641
09/03/24 10:08 AM,4TH / 5,59WPM,94.33%,28.446 SECS,"$1,988",538
09/03/24 10:08 AM,5TH / 5,58WPM,92.59%,28.06 SECS,"$1,876",516
09/03/24 10:09 AM,3RD / 5,61WPM,91.97%,27.008 SECS,"$2,102",562
09/03/24 10:10 AM,5TH / 5,49WPM,84.68%,30.588 SECS,"$1,858",498
09/03/24 10:11 AM,1ST / 5,74WPM,100%,18.394 SECS,"$2,598",728
09/03/24 10:12 AM,1ST / 5,67WPM,94.29%,25.017 SECS,"$2,334",614
09/03/24 10:13 AM,4TH / 5,60WPM,97.79%,27.343 SECS,"$2,190",690
09/03/24 10:14 AM,1ST / 5,73WPM,97.78%,22.111 SECS,"$2,556",786
09/03/24 10:39 AM,1ST / 5,68WPM,95.38%,22.826 SECS,"$2,456",736
09/03/24 10:40 AM,5TH / 5,61WPM,91.97%,27.079 SECS,"$2,012",652
09/03/24 10:41 AM,1ST / 5,61WPM,92.19%,25.26 SECS,"$2,462",742
09/03/24 10:44 AM,5TH / 5,59WPM,93.38%,27.733 SECS,"$2,028",668
09/03/24 11:02 AM,3RD / 5,57WPM,93.5%,25.765 SECS,"$2,254",714
09/03/24 11:03 AM,1ST / 5,67WPM,95.65%,24.671 SECS,"$2,529",799
09/03/24 11:04 AM,5TH / 5,52WPM,97.06%,31.374 SECS,"$2,094",709
09/03/24 11:13 AM,2ND / 5,60WPM,95.2%,25.181 SECS,"$2,400",770
09/03/24 11:14 AM,2ND / 5,73WPM,97.83%,22.661 SECS,"$2,536",856
09/03/24 11:15 AM,2ND / 5,59WPM,95.2%,25.344 SECS,"$2,418",788
09/03/24 11:17 AM,4TH / 5,52WPM,95.2%,29.08 SECS,"$2,204",754
09/03/24 11:17 AM,5TH / 5,55WPM,89.78%,30.044 SECS,"$2,090",730
09/03/24 11:23 AM,2ND / 5,65WPM,97.44%,21.55 SECS,"$2,510",855
09/03/24 11:24 AM,3RD / 5,58WPM,91.79%,27.965 SECS,"$2,346",806
09/03/24 11:30 AM,1ST / 5,65WPM,95.24%,23.368 SECS,"$2,590",860
09/03/24 11:32 AM,1ST / 5,71WPM,98.29%,19.739 SECS,"$2,712",922
09/03/24 11:34 AM,1ST / 5,73WPM,97.67%,21.234 SECS,"$2,726",926
09/03/24 11:35 AM,5TH / 5,55WPM,95.59%,29.662 SECS,"$2,185",775
09/03/24 11:37 AM,2ND / 5,58WPM,92.91%,26.154 SECS,"$2,556",876
09/03/24 11:38 AM,5TH / 5,56WPM,92.86%,27.231 SECS,"$2,182",762
09/03/24 11:40 AM,3RD / 5,62WPM,94.66%,25.506 SECS,"$2,474",864
09/03/24 11:43 AM,1ST / 5,63WPM,92.91%,24.277 SECS,"$2,656",856
09/03/24 11:45 AM,1ST / 5,63WPM,96.95%,24.901 SECS,"$2,716",881
09/03/24 11:46 AM,1ST / 5,71WPM,97.73%,22.285 SECS,"$2,792",922
09/03/24 11:47 AM,5TH / 5,55WPM,88.89%,27.251 SECS,"$2,230",760
09/03/24 11:48 AM,1ST / 5,66WPM,93.94%,24.021 SECS,"$2,702",862
09/03/24 11:49 AM,5TH / 5,56WPM,94.07%,28.894 SECS,"$2,252",762
09/03/24 11:50 AM,2ND / 5,62WPM,100%,23.372 SECS,"$2,854",934
09/03/24 11:51 AM,1ST / 5,69WPM,96.88%,22.178 SECS,"$2,788",893
09/03/24 11:52 AM,5TH / 5,59WPM,91.43%,28.645 SECS,"$2,288",768
09/03/24 7:29 AM,5TH / 5,57WPM,94.07%,28.194 SECS,"$1,924",564
09/03/24 7:30 AM,4TH / 5,51WPM,93.97%,27.253 SECS,"$1,972",522
09/03/24 7:35 AM,1ST / 5,68WPM,96.67%,21.293 SECS,"$2,436",691
09/03/24 7:36 AM,4TH / 5,50WPM,85.96%,27.236 SECS,"$2,020",570
09/03/24 7:37 AM,2ND / 5,61WPM,96.61%,23.214 SECS,"$2,262",607
09/03/24 7:39 AM,3RD / 5,51WPM,91.38%,27.294 SECS,"$2,082",542
09/03/24 7:39 AM,3RD / 5,59WPM,95.8%,24.074 SECS,"$2,123",573
09/03/24 7:40 AM,1ST / 5,63WPM,95.58%,21.589 SECS,"$2,351",621
09/03/24 7:41 AM,1ST / 5,67WPM,97.35%,20.34 SECS,"$2,484",739
09/03/24 7:41 AM,1ST / 5,57WPM,94.83%,24.308 SECS,"$2,314",594
09/03/24 8:06 AM,2ND / 5,67WPM,96.8%,22.297 SECS,"$5,584","3,929"
09/03/24 8:08 AM,2ND / 5,65WPM,98.31%,21.821 SECS,"$2,440",760
09/03/24 8:12 AM,4TH / 5,60WPM,96.77%,30.903 SECS,"$5,470","3,995"
09/03/24 8:14 AM,5TH / 5,52WPM,91.2%,28.858 SECS,"$2,164",804
09/03/24 8:14 AM,5TH / 5,53WPM,95.08%,27.651 SECS,"$2,156",796
09/03/24 8:16 AM,3RD / 5,61WPM,95.08%,23.953 SECS,"$2,472",932
09/03/24 8:16 AM,4TH / 5,56WPM,92.31%,27.658 SECS,"$2,292",842
09/03/24 8:17 AM,4TH / 5,57WPM,91.04%,27.991 SECS,"$2,364",914
09/03/24 8:18 AM,5TH / 5,64WPM,96.91%,30.279 SECS,"$2,328",943
09/03/24 8:19 AM,5TH / 5,59WPM,95.51%,36.084 SECS,"$2,253",883
09/03/24 8:20 AM,5TH / 5,60WPM,96.84%,31.612 SECS,"$2,240",855
09/03/24 8:22 AM,1ST / 5,64WPM,94.74%,21.305 SECS,"$5,748","4,028"
09/03/24 9:48 AM,1ST / 5,60WPM,89.15%,25.756 SECS,"$2,320",600
09/04/24 1:38 PM,4TH / 5,62WPM,90.43%,22.193 SECS,"$1,994",544
09/04/24 1:42 PM,1ST / 5,64WPM,95.04%,22.545 SECS,"$2,328",608
09/04/24 1:45 PM,2ND / 5,63WPM,96.03%,23.983 SECS,"$2,241",601
09/04/24 11:47 AM,1ST / 5,66WPM,96%,22.628 SECS,"$2,357",627
09/04/24 11:51 AM,1ST / 5,63WPM,96.8%,23.716 SECS,"$2,376",631
09/04/24 11:52 AM,1ST / 5,63WPM,95.04%,23.157 SECS,"$2,326",606
09/04/24 11:54 AM,4TH / 5,63WPM,95.65%,26.148 SECS,"$2,021",561
09/04/24 11:55 AM,5TH / 5,58WPM,94.07%,27.968 SECS,"$1,876",516
09/04/24 11:56 AM,1ST / 5,57WPM,90.83%,25.322 SECS,"$2,314",594
09/04/24 12:52 PM,5TH / 5,56WPM,91.87%,26.576 SECS,"$1,872",512
09/04/24 12:53 PM,1ST / 5,67WPM,96.92%,23.248 SECS,"$2,384",639
09/04/24 12:55 PM,2ND / 5,56WPM,93.28%,25.559 SECS,"$2,202",572
09/04/24 12:55 PM,2ND / 5,58WPM,92.13%,26.065 SECS,"$2,206",576
09/04/24 12:56 PM,5TH / 5,59WPM,90.23%,27.149 SECS,"$1,878",518
09/04/24 12:57 PM,1ST / 5,53WPM,90.35%,25.701 SECS,"$2,306",586
09/04/24 12:57 PM,2ND / 5,62WPM,92.68%,23.731 SECS,"$2,214",584
09/04/24 7:30 AM,2ND / 5,67WPM,95.35%,23.187 SECS,"$2,224",594
09/04/24 7:32 AM,1ST / 5,58WPM,95.9%,25.094 SECS,"$2,341",611
09/04/24 7:33 AM,4TH / 5,54WPM,91.41%,28.191 SECS,"$1,978",528
09/04/24 7:34 AM,4TH / 5,54WPM,95.35%,28.673 SECS,"$1,978",528
09/04/24 7:35 AM,4TH / 5,55WPM,96.85%,27.67 SECS,"$2,080",605
09/04/24 7:36 AM,1ST / 5,69WPM,99.2%,21.688 SECS,"$2,488",693
09/04/24 7:37 AM,1ST / 5,59WPM,95.61%,23.047 SECS,"$4,143","2,413"
09/04/24 7:39 AM,2ND / 5,55WPM,99.12%,24.844 SECS,"$4,150","2,445"
09/04/24 7:39 AM,4TH / 5,57WPM,92.19%,26.885 SECS,"$1,984",534
09/04/24 7:40 AM,3RD / 5,56WPM,95.73%,24.903 SECS,"$2,217",667
09/04/24 7:50 AM,3RD / 5,55WPM,85.83%,26.254 SECS,"$2,200",660
09/04/24 7:51 AM,4TH / 5,53WPM,94.31%,27.603 SECS,"$2,096",646
09/04/24 7:52 AM,2ND / 5,63WPM,97.39%,21.781 SECS,"$2,406",751
09/04/24 7:52 AM,4TH / 5,54WPM,95.2%,27.717 SECS,"$2,108",658
09/04/24 7:54 AM,1ST / 5,54WPM,94.83%,25.596 SECS,"$2,468",748
09/04/24 7:54 AM,1ST / 5,66WPM,96.69%,22.051 SECS,"$2,532",787
09/04/24 7:55 AM,2ND / 5,61WPM,94.53%,24.979 SECS,"$2,382",752
09/04/24 7:56 AM,1ST / 5,74WPM,97.39%,18.58 SECS,"$5,778","4,033"
09/04/24 7:57 AM,3RD / 5,59WPM,92.06%,25.558 SECS,"$2,288",748
09/04/24 7:58 AM,1ST / 5,67WPM,94.59%,19.896 SECS,"$2,534",814
09/04/24 8:01 AM,5TH / 5,54WPM,92.74%,27.637 SECS,"$2,078",718
09/04/24 8:02 AM,2ND / 5,63WPM,96.88%,24.437 SECS,"$2,486",831
09/04/24 8:19 AM,5TH / 5,52WPM,90.51%,31.459 SECS,"$2,094",734
09/04/24 8:21 AM,1ST / 5,70WPM,96.48%,24.273 SECS,"$2,605",875
09/04/24 8:21 AM,5TH / 5,62WPM,97.14%,26.979 SECS,"$2,184",799
09/04/24 8:44 AM,1ST / 5,63WPM,96%,23.647 SECS,"$2,611",871
09/04/24 8:45 AM,2ND / 5,64WPM,95.62%,25.695 SECS,"$2,513",853
09/04/24 8:46 AM,1ST / 5,72WPM,99.19%,20.694 SECS,"$2,824",999
09/04/24 8:48 AM,5TH / 5,59WPM,92.81%,28.313 SECS,"$2,168",768
09/04/24 8:49 AM,5TH / 5,56WPM,96.15%,27.678 SECS,"$2,247",827
09/04/24 8:51 AM,1ST / 5,62WPM,94.53%,24.924 SECS,"$2,634",854
09/04/24 8:53 AM,1ST / 5,61WPM,94.21%,23.979 SECS,"$2,642",852
09/04/24 8:57 AM,5TH / 5,53WPM,91.97%,30.948 SECS,"$2,196",756
09/05/24 1:04 PM,1ST / 5,59WPM,95.8%,24.351 SECS,"$2,343",613
09/05/24 1:05 PM,1ST / 5,67WPM,92.13%,22.755 SECS,"$2,334",614
09/05/24 1:05 PM,1ST / 5,77WPM,98.45%,20.022 SECS,"$3,454","1,684"
09/05/24 1:06 PM,1ST / 5,66WPM,92.24%,21.181 SECS,"$52,332","1,612"
09/05/24 1:22 PM,1ST / 5,67WPM,96.85%,22.715 SECS,"$2,384",639
09/05/24 1:23 PM,5TH / 5,58WPM,89.05%,28.556 SECS,"$1,876",516
09/05/24 1:26 PM,1ST / 5,62WPM,91.6%,25.475 SECS,"$2,324",604
09/05/24 7:42 AM,3RD / 5,63WPM,95.73%,22.255 SECS,"$2,131",581
09/05/24 7:44 AM,1ST / 5,61WPM,91.34%,24.881 SECS,"$2,322",602
09/05/24 7:54 AM,2ND / 5,65WPM,97.04%,24.931 SECS,"$2,270",615
09/05/24 7:59 AM,1ST / 5,70WPM,95.31%,22.075 SECS,"$2,340",620
09/05/24 8:00 AM,5TH / 5,56WPM,90.37%,28.868 SECS,"$1,872",512
09/05/24 8:01 AM,3RD / 5,60WPM,93.7%,25.448 SECS,"$2,100",560
09/05/24 8:02 AM,4TH / 5,61WPM,92.81%,27.286 SECS,"$3,792","2,342"
09/05/24 8:04 AM,5TH / 5,55WPM,96.8%,27.302 SECS,"$1,920",535
09/05/24 8:06 AM,1ST / 5,60WPM,95.04%,24.013 SECS,"$2,320",600
09/05/24 8:07 AM,5TH / 5,57WPM,92.25%,27.294 SECS,"$1,974",614
09/05/24 8:08 AM,1ST / 5,65WPM,95.24%,23.136 SECS,"$4,250","2,530"
09/05/24 8:08 AM,4TH / 5,59WPM,100%,28.075 SECS,"$2,348",748
09/05/24 8:11 AM,5TH / 5,47WPM,86.84%,29.066 SECS,"$1,994",634
09/05/24 8:11 AM,2ND / 5,61WPM,95%,23.56 SECS,"$52,342","1,712"
09/05/24 8:12 AM,3RD / 5,51WPM,91.07%,26.554 SECS,"$2,232",692
09/05/24 8:13 AM,1ST / 5,65WPM,95.9%,22.585 SECS,"$2,515",785
09/05/24 8:14 AM,1ST / 5,68WPM,97.71%,23.215 SECS,"$2,606",836
09/05/24 8:15 AM,3RD / 5,54WPM,94.69%,25.313 SECS,"$2,268",728
09/05/24 8:16 AM,4TH / 5,54WPM,90.35%,25.233 SECS,"$2,178",728
09/05/24 8:16 AM,1ST / 5,57WPM,91.87%,25.953 SECS,"$52,504","1,784"
09/05/24 8:17 AM,4TH / 5,50WPM,93.97%,27.684 SECS,"$2,180",730
09/05/24 8:18 AM,1ST / 5,64WPM,96.75%,23.177 SECS,"$2,598",853
09/05/24 8:19 AM,4TH / 5,53WPM,94.78%,26.029 SECS,"$2,216",766
09/05/24 8:19 AM,1ST / 5,60WPM,92.86%,25.158 SECS,"$2,550",830
09/05/24 8:21 AM,3RD / 5,58WPM,86.61%,26.333 SECS,"$2,346",806
09/05/24 8:22 AM,1ST / 5,57WPM,94.21%,25.512 SECS,"$2,574",844
09/05/24 8:23 AM,1ST / 5,59WPM,95.28%,25.85 SECS,"$2,588",848
09/05/24 8:24 AM,3RD / 5,51WPM,96.46%,26.344 SECS,"$2,387",807
09/05/24 8:25 AM,1ST / 5,63WPM,94.92%,22.612 SECS,"$2,616",856
09/05/24 8:26 AM,1ST / 5,55WPM,96.46%,24.818 SECS,"$4,435","2,655"
09/05/24 8:31 AM,5TH / 5,53WPM,91.54%,29.418 SECS,"$2,176",756
09/06/24 1:15 PM,2ND / 5,61WPM,97.58%,24.374 SECS,"$2,312",632
09/06/24 1:15 PM,2ND / 5,62WPM,92.62%,23.788 SECS,"$2,214",584
09/06/24 1:16 PM,2ND / 5,57WPM,94.64%,23.692 SECS,"$2,204",574
09/06/24 1:17 PM,1ST / 5,61WPM,93.16%,23.029 SECS,"$2,322",602
09/06/24 1:21 PM,1ST / 5,66WPM,99.17%,22.141 SECS,"$52,482","1,687"
09/06/24 1:26 PM,1ST / 5,62WPM,96.64%,23.162 SECS,"$2,374",629
09/06/24 1:27 PM,1ST / 5,60WPM,96.75%,24.586 SECS,"$2,370",625
09/06/24 1:41 PM,2ND / 5,56WPM,94.4%,26.579 SECS,"$2,202",572
09/06/24 10:00 AM,1ST / 5,61WPM,94.26%,24.162 SECS,"$2,322",602
09/06/24 10:01 AM,1ST / 5,68WPM,95.61%,20.181 SECS,"$2,361",631
09/06/24 10:02 AM,1ST / 5,61WPM,95.35%,25.34 SECS,"$2,322",602
09/06/24 10:12 AM,1ST / 5,69WPM,99.26%,23.389 SECS,"$2,488",693
09/06/24 10:14 AM,1ST / 5,69WPM,94.4%,21.761 SECS,"$2,438",718
09/06/24 10:16 AM,1ST / 5,58WPM,91.6%,26.918 SECS,"$2,426",706
09/06/24 10:18 AM,1ST / 5,63WPM,96.32%,25.764 SECS,"$2,471",741
09/06/24 10:20 AM,2ND / 5,58WPM,95.2%,25.778 SECS,"$2,336",706
09/06/24 10:21 AM,1ST / 5,61WPM,95.28%,24.982 SECS,"$2,462",742
09/06/24 10:23 AM,3RD / 5,58WPM,94.49%,26.205 SECS,"$2,246",706
09/06/24 10:24 AM,5TH / 5,57WPM,94.33%,29.888 SECS,"$2,034",674
09/06/24 10:25 AM,3RD / 5,55WPM,95.31%,27.737 SECS,"$2,260",720
09/06/24 10:26 AM,5TH / 5,57WPM,94.81%,28.491 SECS,"$2,054",694
09/06/24 10:27 AM,1ST / 5,62WPM,95.58%,21.757 SECS,"$2,539",809
09/06/24 10:28 AM,1ST / 5,62WPM,98.29%,22.714 SECS,"$2,624",854
09/06/24 10:30 AM,2ND / 5,65WPM,97.73%,24.398 SECS,"$2,530",850
09/06/24 10:32 AM,4TH / 5,51WPM,89.17%,28.285 SECS,"$2,192",742
09/06/24 10:33 AM,1ST / 5,59WPM,96.67%,24.428 SECS,"$52,598","1,853"
09/06/24 10:34 AM,1ST / 5,72WPM,96.92%,21.554 SECS,"$2,634",889
09/06/24 10:36 AM,3RD / 5,62WPM,96.77%,23.967 SECS,"$2,404",839
09/06/24 10:37 AM,4TH / 5,56WPM,96.24%,28.592 SECS,"$2,267",797
09/06/24 10:39 AM,1ST / 5,70WPM,98.23%,19.506 SECS,"$2,710",920
09/06/24 10:40 AM,2ND / 5,65WPM,93.98%,24.564 SECS,"$2,510",840
09/06/24 10:40 AM,5TH / 5,59WPM,97.73%,26.791 SECS,"$2,258",818
09/06/24 10:42 AM,5TH / 5,53WPM,83.06%,28.106 SECS,"$2,166",756
09/06/24 10:44 AM,2ND / 5,65WPM,94.4%,22.952 SECS,"$2,530",840
09/06/24 10:47 AM,1ST / 5,69WPM,96.09%,22.263 SECS,"$2,683",883
09/06/24 10:48 AM,5TH / 5,59WPM,91.91%,27.74 SECS,"$2,208",768
09/06/24 10:49 AM,3RD / 5,58WPM,92.97%,26.477 SECS,"$2,436",806
09/06/24 10:51 AM,4TH / 5,57WPM,95.35%,27.271 SECS,"$2,334",784
09/06/24 10:52 AM,1ST / 5,57WPM,91.53%,24.671 SECS,"$2,674",844
09/06/24 10:57 AM,2ND / 5,57WPM,92.13%,26.823 SECS,"$2,574",824
09/06/24 10:59 AM,5TH / 5,50WPM,86.84%,27.261 SECS,"$2,250",750
09/06/24 10:59 AM,1ST / 5,56WPM,98.29%,24.899 SECS,"$2,792",892
09/06/24 11:00 AM,3RD / 5,53WPM,95.69%,26.389 SECS,"$52,511","1,811"
09/06/24 11:01 AM,1ST / 5,64WPM,94.96%,22.445 SECS,"$2,738",858
09/06/24 11:26 AM,3RD / 5,60WPM,91.27%,25.004 SECS,"$2,520",810
09/06/24 11:27 AM,3RD / 5,56WPM,94.17%,25.697 SECS,"$2,522",802
09/06/24 11:28 AM,3RD / 5,53WPM,92.31%,26.467 SECS,"$2,526",796
09/06/24 7:57 AM,2ND / 5,61WPM,91.04%,26.349 SECS,"$2,212",582
09/06/24 7:57 AM,2ND / 5,59WPM,95.2%,25.352 SECS,"$2,208",578
09/06/24 7:58 AM,4TH / 5,59WPM,92.81%,28.146 SECS,"$1,988",538
09/06/24 8:14 AM,2ND / 5,55WPM,89.06%,27.98 SECS,"$2,250",620
09/06/24 8:15 AM,1ST / 5,62WPM,97.64%,24.408 SECS,"$2,424",654
09/06/24 8:18 AM,1ST / 5,60WPM,96.85%,25.301 SECS,"$2,370",625
09/06/24 8:20 AM,4TH / 5,58WPM,97.78%,27.98 SECS,"$2,086",586
09/06/24 8:20 AM,5TH / 5,54WPM,89.84%,28.268 SECS,"$1,868",508
09/06/24 8:21 AM,2ND / 5,58WPM,94.87%,24.193 SECS,"$2,206",576
09/06/24 8:22 AM,5TH / 5,57WPM,95.28%,26.601 SECS,"$1,974",614
09/06/24 8:23 AM,1ST / 5,68WPM,95%,21.062 SECS,"$2,446",726
09/06/24 8:25 AM,1ST / 5,59WPM,95.28%,25.874 SECS,"$2,438",718
09/06/24 8:27 AM,2ND / 5,61WPM,97.52%,23.752 SECS,"$8,142","6,462"
09/06/24 8:29 AM,5TH / 5,47WPM,89.39%,33.349 SECS,"$1,994",634
09/06/24 8:30 AM,1ST / 5,64WPM,97.64%,23.708 SECS,"$2,578",808
09/06/24 8:32 AM,1ST / 5,57WPM,98.32%,25.205 SECS,"$2,574",804
09/06/24 8:33 AM,4TH / 5,53WPM,99.13%,26.148 SECS,"$2,296",771
09/06/24 8:34 AM,2ND / 5,54WPM,96.58%,26.193 SECS,"$2,428",773
09/06/24 8:36 AM,4TH / 5,53WPM,94.49%,28.637 SECS,"$2,166",716
09/06/24 8:37 AM,5TH / 5,51WPM,93.33%,28.158 SECS,"$2,062",702
09/06/24 8:39 AM,2ND / 5,59WPM,97.37%,23 SECS,"$5,668","4,013"
09/06/24 8:42 AM,3RD / 5,58WPM,94.57%,26.758 SECS,"$2,316",776
09/06/24 8:43 AM,3RD / 5,58WPM,95.31%,26.421 SECS,"$2,326",786
09/06/24 9:50 AM,1ST / 5,59WPM,95.73%,23.921 SECS,"$52,343","1,613"
09/06/24 9:50 AM,1ST / 5,56WPM,96.26%,22.976 SECS,"$2,337",607
09/06/24 9:51 AM,1ST / 5,68WPM,98.28%,20.496 SECS,"$2,436",666
09/06/24 9:54 AM,2ND / 5,60WPM,94.96%,23.621 SECS,"$52,210","1,580"
09/06/24 9:59 AM,1ST / 5,59WPM,96.58%,23.627 SECS,"$2,368",623
09/07/24 6:30 AM,2ND / 5,60WPM,92.97%,25.606 SECS,"$52,210","1,580"
09/08/24 10:15 AM,3RD / 5,53WPM,91.67%,27.035 SECS,"$2,086",546
09/08/24 10:16 AM,2ND / 5,54WPM,94.12%,26.424 SECS,"$2,198",568
09/09/24 11:30 AM,2ND / 5,53WPM,96.46%,25.6 SECS,"$2,221",581
09/09/24 11:32 AM,1ST / 5,61WPM,99.16%,23.507 SECS,"$2,472",677
09/09/24 11:32 AM,1ST / 5,65WPM,96.95%,24.003 SECS,"$2,380",635
09/09/24 11:33 AM,1ST / 5,73WPM,96.9%,21.091 SECS,"$2,396",651
09/09/24 11:35 AM,1ST / 5,69WPM,99.19%,21.3 SECS,"$2,488",693
09/09/24 11:38 AM,2ND / 5,58WPM,93.65%,26.157 SECS,"$2,206",576
09/09/24 11:40 AM,1ST / 5,66WPM,96.88%,23.149 SECS,"$2,382",637
09/09/24 2:28 PM,3RD / 5,65WPM,94.07%,24.842 SECS,"$2,110",570
09/09/24 2:29 PM,3RD / 5,74WPM,98.53%,22.155 SECS,"$2,278",663
09/09/24 2:29 PM,3RD / 5,68WPM,96.75%,21.816 SECS,"$2,166",601
09/09/24 2:30 PM,3RD / 5,64WPM,94.12%,25.623 SECS,"$2,108",568
09/09/24 2:31 PM,2ND / 5,65WPM,93.53%,25.641 SECS,"$2,220",590
09/09/24 2:31 PM,1ST / 5,66WPM,94.2%,25.012 SECS,"$2,332",612
09/09/24 2:32 PM,3RD / 5,65WPM,92.65%,25.09 SECS,"$2,110",570
09/09/24 2:33 PM,1ST / 5,65WPM,98.41%,23.23 SECS,"$2,430",660
09/09/24 2:33 PM,2ND / 5,64WPM,95.1%,26.88 SECS,"$2,218",588
09/09/24 2:34 PM,3RD / 5,62WPM,91.85%,25.952 SECS,"$2,204",664
09/09/24 2:35 PM,3RD / 5,65WPM,94.89%,25.195 SECS,"$2,230",690
09/09/24 2:35 PM,4TH / 5,59WPM,90.34%,29.715 SECS,"$2,098",648
09/09/24 2:36 PM,3RD / 5,59WPM,95.59%,27.469 SECS,"$2,253",703
09/09/24 7:48 AM,1ST / 5,65WPM,93.04%,21.3 SECS,"$2,330",610
09/09/24 7:52 AM,1ST / 5,66WPM,95.9%,22.34 SECS,"$2,357",627
09/09/24 7:54 AM,4TH / 5,49WPM,92.91%,30.796 SECS,"$1,968",518
09/09/24 7:56 AM,1ST / 5,56WPM,91.67%,25.556 SECS,"$2,312",592
09/09/24 7:57 AM,1ST / 5,56WPM,91.6%,25.654 SECS,"$4,112","2,392"
09/09/24 7:59 AM,2ND / 5,59WPM,92.25%,26.204 SECS,"$2,208",578
09/09/24 8:01 AM,3RD / 5,66WPM,98.4%,22.644 SECS,"$2,212",622
09/09/24 8:01 AM,4TH / 5,51WPM,94.49%,29.895 SECS,"$1,972",522
09/09/24 8:02 AM,1ST / 5,63WPM,99.21%,23.86 SECS,"$2,476",681
09/09/24 8:03 AM,2ND / 5,58WPM,99.19%,25.376 SECS,"$4,256","2,551"
09/09/24 8:04 AM,1ST / 5,60WPM,97.41%,23.014 SECS,"$4,980","3,235"
09/09/24 8:06 AM,1ST / 5,60WPM,96.03%,25.231 SECS,"$2,475",745
09/09/24 8:06 AM,1ST / 5,56WPM,97.54%,26.014 SECS,"$2,532",762
09/09/24 8:08 AM,3RD / 5,58WPM,96%,25.74 SECS,"$2,261",711
09/09/24 8:09 AM,2ND / 5,57WPM,92.13%,26.572 SECS,"$2,354",724
09/09/24 8:10 AM,1ST / 5,64WPM,98.28%,21.917 SECS,"$2,588",818
09/09/24 8:11 AM,2ND / 5,62WPM,95.31%,24.831 SECS,"$2,394",764
09/09/24 8:11 AM,4TH / 5,57WPM,96.8%,26.145 SECS,"$2,204",729
09/09/24 8:35 AM,4TH / 5,52WPM,91.2%,28.862 SECS,"$2,164",714
09/09/24 8:36 AM,1ST / 5,59WPM,96.67%,24.264 SECS,"$2,578",833
09/09/24 8:36 AM,3RD / 5,55WPM,95.97%,26.96 SECS,"$2,365",815
09/09/24 8:51 AM,5TH / 5,55WPM,88.98%,27.928 SECS,"$2,090",730
09/09/24 8:52 AM,1ST / 5,67WPM,97.69%,23.414 SECS,"$2,664",894
09/10/24 1:06 PM,5TH / 5,56WPM,91.11%,28.731 SECS,"$1,872",512
09/10/24 1:07 PM,1ST / 5,65WPM,98.41%,23.434 SECS,"$2,430",660
09/10/24 1:08 PM,2ND / 5,65WPM,96.3%,24.923 SECS,"$2,245",605
09/10/24 10:18 AM,2ND / 5,68WPM,97.6%,22.207 SECS,"$2,326",646
09/10/24 10:19 AM,1ST / 5,57WPM,93.22%,25.052 SECS,"$2,314",594
09/10/24 10:21 AM,1ST / 5,70WPM,97.64%,21.76 SECS,"$2,440",670
09/10/24 10:22 AM,5TH / 5,55WPM,93.8%,28.144 SECS,"$1,870",510
09/10/24 10:24 AM,2ND / 5,59WPM,94.57%,26.29 SECS,"$2,208",578
09/10/24 10:26 AM,3RD / 5,56WPM,94.26%,26.111 SECS,"$2,092",552
09/10/24 10:27 AM,4TH / 5,57WPM,93.8%,27.304 SECS,"$1,984",534
09/10/24 10:28 AM,1ST / 5,67WPM,96.83%,22.565 SECS,"$2,384",639
09/10/24 10:30 AM,5TH / 5,57WPM,96.32%,28.388 SECS,"$1,899",529
09/10/24 10:31 AM,1ST / 5,67WPM,99.25%,23.797 SECS,"$2,584",789
09/10/24 11:39 AM,2ND / 5,66WPM,96.32%,24.909 SECS,"$2,247",607
09/10/24 11:39 AM,1ST / 5,72WPM,98.41%,20.979 SECS,"$2,494",724
09/10/24 7:17 AM,4TH / 5,61WPM,94.2%,27.171 SECS,"$1,992",542
09/10/24 7:18 AM,5TH / 5,57WPM,92.65%,28.443 SECS,"$1,874",514
09/10/24 7:19 AM,2ND / 5,60WPM,96%,24.908 SECS,"$2,235",595
09/10/24 7:19 AM,4TH / 5,57WPM,94.03%,28.172 SECS,"$1,984",534
09/10/24 7:20 AM,2ND / 5,61WPM,97.62%,24.929 SECS,"$2,312",632
09/10/24 7:21 AM,3RD / 5,57WPM,94.7%,27.612 SECS,"$3,894","2,354"
09/10/24 7:21 AM,3RD / 5,56WPM,92.19%,27.606 SECS,"$2,092",552
09/10/24 7:22 AM,1ST / 5,60WPM,94.96%,23.644 SECS,"$2,320",600
09/10/24 7:23 AM,2ND / 5,58WPM,94.4%,25.774 SECS,"$2,306",676
09/10/24 7:23 AM,3RD / 5,55WPM,95.28%,27.878 SECS,"$2,090",550
09/10/24 7:24 AM,2ND / 5,59WPM,93.33%,24.202 SECS,"$2,318",688
09/10/24 7:25 AM,3RD / 5,58WPM,97.39%,23.831 SECS,"$2,276",711
09/10/24 7:25 AM,4TH / 5,57WPM,96.85%,26.767 SECS,"$2,154",679
09/10/24 7:26 AM,2ND / 5,69WPM,96.15%,22.531 SECS,"$2,393",753
09/10/24 7:27 AM,1ST / 5,68WPM,95.69%,20.428 SECS,"$2,511",781
09/10/24 7:29 AM,4TH / 5,56WPM,96.92%,27.977 SECS,"$5,402","3,927"
09/10/24 7:29 AM,1ST / 5,59WPM,96.03%,25.533 SECS,"$5,003","3,273"
09/10/24 7:30 AM,3RD / 5,63WPM,94.53%,24.221 SECS,"$2,286",746
09/10/24 7:31 AM,4TH / 5,53WPM,91.2%,28.42 SECS,"$2,166",716
09/10/24 7:32 AM,2ND / 5,66WPM,93.38%,24.741 SECS,"$2,432",802
09/10/24 7:32 AM,5TH / 5,59WPM,90.37%,27.479 SECS,"$2,078",718
09/10/24 7:34 AM,2ND / 5,64WPM,94.53%,24.135 SECS,"$2,438",808
09/10/24 7:35 AM,2ND / 5,60WPM,92.91%,25.561 SECS,"$2,440",810
09/10/24 7:36 AM,1ST / 5,65WPM,95.59%,24.951 SECS,"$2,595",865
09/10/24 7:43 AM,5TH / 5,54WPM,88.41%,30.515 SECS,"$2,118",758
09/10/24 7:44 AM,1ST / 5,61WPM,91.54%,25.643 SECS,"$2,582",852
09/10/24 7:45 AM,4TH / 5,56WPM,95.2%,26.778 SECS,"$2,262",782
09/10/24 7:45 AM,3RD / 5,56WPM,95.35%,27.836 SECS,"$2,362",802
09/10/24 7:46 AM,1ST / 5,59WPM,95.42%,26.53 SECS,"$2,608",848
09/10/24 7:47 AM,1ST / 5,60WPM,96.55%,23.278 SECS,"$2,670",875
09/10/24 7:50 AM,2ND / 5,62WPM,98.37%,23.626 SECS,"$2,624",884
09/10/24 7:57 AM,4TH / 5,57WPM,93.75%,26.927 SECS,"$2,304",784
09/10/24 7:59 AM,3RD / 5,62WPM,93.08%,25.237 SECS,"$2,434",814
09/10/24 8:04 AM,4TH / 5,52WPM,96.03%,29.097 SECS,"$2,339",789
09/10/24 8:09 AM,1ST / 5,62WPM,96.88%,24.829 SECS,"$2,734",879
09/10/24 8:09 AM,5TH / 5,48WPM,90.48%,31.391 SECS,"$2,206",746
09/10/24 8:15 AM,3RD / 5,54WPM,93.02%,28.911 SECS,"$2,458",798
09/10/24 8:16 AM,1ST / 5,68WPM,97.48%,21.084 SECS,"$2,766",891
09/10/24 8:17 AM,4TH / 5,55WPM,94.4%,27.244 SECS,"$2,370",780
09/10/24 8:22 AM,1ST / 5,60WPM,95.2%,25.039 SECS,"$2,720",850
09/10/24 8:23 AM,3RD / 5,64WPM,96.09%,23.91 SECS,"$2,543",833
09/10/24 8:24 AM,5TH / 5,53WPM,95.38%,29.465 SECS,"$2,286",756
09/10/24 8:25 AM,1ST / 5,54WPM,90.08%,26.909 SECS,"$2,738",838
09/10/24 8:26 AM,3RD / 5,60WPM,96.15%,26.16 SECS,"$2,565",825
09/11/24 1:13 PM,3RD / 5,62WPM,90.98%,25.71 SECS,"$2,104",564
09/11/24 1:24 PM,2ND / 5,60WPM,92%,25.145 SECS,"$2,210",580
09/11/24 1:25 PM,3RD / 5,60WPM,91.27%,25.093 SECS,"$2,100",560
09/11/24 1:25 PM,4TH / 5,60WPM,92.59%,27.011 SECS,"$1,990",540
09/11/24 1:26 PM,2ND / 5,63WPM,96.15%,24.791 SECS,"$2,241",601
09/11/24 1:26 PM,1ST / 5,68WPM,96%,21.934 SECS,"$2,361",631
09/11/24 1:27 PM,4TH / 5,63WPM,92.2%,26.825 SECS,"$1,996",546
09/11/24 1:28 PM,1ST / 5,64WPM,95.38%,24.398 SECS,"$2,328",608
09/11/24 1:29 PM,1ST / 5,70WPM,96.9%,22 SECS,"$2,490",745
09/11/24 1:29 PM,2ND / 5,61WPM,94.4%,24.646 SECS,"$2,212",582
09/11/24 1:31 PM,2ND / 5,69WPM,97.01%,23.265 SECS,"$2,388",733
09/11/24 11:12 AM,3RD / 5,64WPM,97.04%,25.221 SECS,"$2,158",593
09/11/24 11:13 AM,4TH / 5,56WPM,94.4%,26.723 SECS,"$1,982",532
09/11/24 11:14 AM,4TH / 5,58WPM,92.25%,26.881 SECS,"$1,986",536
09/11/24 11:14 AM,4TH / 5,63WPM,94.16%,26.112 SECS,"$1,996",546
09/11/24 11:15 AM,1ST / 5,60WPM,94.03%,26.659 SECS,"$2,320",600
09/11/24 7:33 AM,3RD / 5,64WPM,98.5%,25.015 SECS,"$2,208",618
09/11/24 7:34 AM,4TH / 5,61WPM,97.86%,27.341 SECS,"$2,092",592
09/11/24 7:35 AM,1ST / 5,70WPM,99.23%,22.386 SECS,"$2,490",695
09/11/24 7:36 AM,3RD / 5,63WPM,91.91%,26.088 SECS,"$2,106",566
09/11/24 7:37 AM,2ND / 5,62WPM,94.74%,25.784 SECS,"$2,214",584
09/11/24 7:40 AM,5TH / 5,60WPM,96.38%,27.727 SECS,"$1,905",535
09/11/24 7:42 AM,2ND / 5,69WPM,99.26%,23.55 SECS,"$4,178","2,473"
09/11/24 7:44 AM,3RD / 5,59WPM,94.49%,25.763 SECS,"$4,648","3,108"
09/11/24 7:44 AM,5TH / 5,60WPM,95.59%,27.197 SECS,"$1,905",535
09/11/24 7:45 AM,2ND / 5,69WPM,96.83%,22.071 SECS,"$2,378",723
09/11/24 7:52 AM,4TH / 5,63WPM,95.68%,26.408 SECS,"$2,131",671
09/11/24 7:53 AM,1ST / 5,64WPM,92.8%,23.478 SECS,"$2,448",728
09/11/24 7:54 AM,4TH / 5,55WPM,90.48%,27.332 SECS,"$2,110",660
09/11/24 7:55 AM,5TH / 5,59WPM,94.12%,27.599 SECS,"$2,018",658
09/11/24 8:01 AM,4TH / 5,55WPM,95.9%,26.691 SECS,"$2,155",695
09/11/24 8:20 AM,4TH / 5,58WPM,92.81%,28.883 SECS,"$2,146",696
09/11/24 8:26 AM,1ST / 5,63WPM,95.35%,24.613 SECS,"$2,496",776
09/11/24 9:20 AM,1ST / 5,72WPM,98.43%,21.103 SECS,"$2,494",724
09/11/24 9:20 AM,1ST / 5,63WPM,97.44%,22.36 SECS,"$4,876","3,131"
09/11/24 9:22 AM,1ST / 5,65WPM,92%,23.064 SECS,"$2,330",610
09/11/24 9:23 AM,1ST / 5,68WPM,98.45%,22.801 SECS,"$2,436",666
09/11/24 9:24 AM,2ND / 5,63WPM,96.95%,25.083 SECS,"$2,266",611
09/11/24 9:32 AM,2ND / 5,69WPM,96.35%,23.993 SECS,"$2,253",613
09/11/24 9:33 AM,4TH / 5,55WPM,93.08%,28.354 SECS,"$1,980",530
09/11/24 9:33 AM,1ST / 5,63WPM,96.99%,25.156 SECS,"$2,376",631
09/11/24 9:34 AM,2ND / 5,65WPM,96.3%,25.046 SECS,"$2,245",605
09/11/24 9:35 AM,1ST / 5,65WPM,92.03%,25.332 SECS,"$2,440",720
09/11/24 9:35 AM,3RD / 5,63WPM,95.86%,27.619 SECS,"$2,231",681
09/11/24 9:36 AM,1ST / 5,66WPM,95.59%,24.742 SECS,"$52,477","1,747"
09/12/24 1:15 PM,4TH / 5,57WPM,89.68%,26.397 SECS,"$1,984",534
09/12/24 10:05 AM,4TH / 5,64WPM,91.78%,27.375 SECS,"$1,998",548
09/12/24 10:06 AM,5TH / 5,66WPM,93.88%,26.645 SECS,"$1,892",532
09/12/24 10:08 AM,5TH / 5,62WPM,93.96%,28.784 SECS,"$1,884",524
09/12/24 10:09 AM,4TH / 5,68WPM,98.03%,26.86 SECS,"$2,206",706
09/12/24 10:11 AM,5TH / 5,56WPM,94.63%,31.976 SECS,"$1,982",622
09/12/24 10:21 AM,5TH / 5,61WPM,97.32%,29.193 SECS,"$2,052",667
09/12/24 10:23 AM,3RD / 5,58WPM,95.62%,28.562 SECS,"$2,261",711
09/12/24 10:23 AM,1ST / 5,64WPM,97.24%,27.186 SECS,"$2,508",763
09/12/24 10:24 AM,3RD / 5,59WPM,94.62%,26.224 SECS,"$2,248",708
09/12/24 10:29 AM,1ST / 5,66WPM,97.6%,22.646 SECS,"$2,592",822
09/12/24 10:30 AM,1ST / 5,63WPM,94.57%,24.616 SECS,"$2,496",776
09/12/24 7:38 AM,1ST / 5,69WPM,96.97%,23.038 SECS,"$2,388",643
09/12/24 7:38 AM,2ND / 5,67WPM,96.95%,23.577 SECS,"$2,274",619
09/12/24 7:39 AM,4TH / 5,63WPM,94.96%,26.618 SECS,"$1,996",546
09/12/24 7:40 AM,2ND / 5,68WPM,96.32%,24.078 SECS,"$2,251",611
09/12/24 7:41 AM,3RD / 5,64WPM,96.92%,24.425 SECS,"$2,158",593
09/12/24 7:42 AM,5TH / 5,58WPM,96.62%,30.439 SECS,"$1,926",541
09/12/24 7:43 AM,4TH / 5,56WPM,95.65%,29.376 SECS,"$2,007",547
09/12/24 7:44 AM,3RD / 5,60WPM,94.57%,25.784 SECS,"$2,100",560
09/12/24 7:45 AM,4TH / 5,62WPM,97.78%,25.983 SECS,"$2,194",694
09/12/24 7:45 AM,5TH / 5,60WPM,96.38%,27.579 SECS,"$1,905",535
09/12/24 7:53 AM,3RD / 5,62WPM,94.96%,26.977 SECS,"$2,214",674
09/12/24 7:54 AM,1ST / 5,75WPM,99.3%,23.006 SECS,"$5,820","4,025"
09/12/24 7:55 AM,2ND / 5,66WPM,96.3%,24.677 SECS,"$2,387",747
09/12/24 7:55 AM,1ST / 5,65WPM,96.45%,26.024 SECS,"$2,485",755
09/12/24 7:56 AM,5TH / 5,57WPM,94.7%,28.027 SECS,"$2,024",664
09/12/24 7:57 AM,4TH / 5,58WPM,92.75%,28.592 SECS,"$2,156",706
09/12/24 7:57 AM,2ND / 5,65WPM,96.88%,23.641 SECS,"$5,630","3,975"
09/12/24 7:58 AM,2ND / 5,62WPM,96.88%,24.638 SECS,"$2,444",789
09/12/24 7:59 AM,1ST / 5,63WPM,94.66%,25.084 SECS,"$2,526",806
09/12/24 7:59 AM,1ST / 5,65WPM,97.08%,25.359 SECS,"$2,570",825
09/12/24 8:00 AM,1ST / 5,66WPM,97.69%,23.615 SECS,"$2,642",872
09/12/24 8:01 AM,2ND / 5,65WPM,97.04%,24.769 SECS,"$2,490",835
09/12/24 8:02 AM,1ST / 5,64WPM,97.76%,25.231 SECS,"$2,668",898
09/12/24 8:02 AM,5TH / 5,55WPM,93.38%,29.558 SECS,"$2,100",740
09/12/24 8:03 AM,2ND / 5,63WPM,95.59%,25.776 SECS,"$2,491",851
09/12/24 8:04 AM,4TH / 5,61WPM,95.59%,26.759 SECS,"$2,277",807
09/12/24 8:05 AM,1ST / 5,71WPM,96.03%,21.303 SECS,"$2,647",887
09/12/24 8:05 AM,5TH / 5,51WPM,95.97%,28.977 SECS,"$2,157",767
09/12/24 8:06 AM,1ST / 5,65WPM,94.93%,25.496 SECS,"$2,620",860
09/12/24 8:07 AM,2ND / 5,58WPM,94.74%,27.547 SECS,"$2,516",826
09/12/24 8:07 AM,1ST / 5,71WPM,96.95%,22.077 SECS,"$2,692",897
09/12/24 8:08 AM,5TH / 5,58WPM,97.04%,28.08 SECS,"$2,246",791
09/12/24 8:10 AM,3RD / 5,63WPM,96.97%,25.203 SECS,"$2,496",841
09/12/24 8:10 AM,3RD / 5,62WPM,94.85%,26.44 SECS,"$2,434",814
09/12/24 8:11 AM,2ND / 5,64WPM,96.32%,25.492 SECS,"$2,593",853
09/12/24 8:12 AM,1ST / 5,72WPM,97.12%,23.236 SECS,"$2,764",899
09/12/24 8:12 AM,5TH / 5,58WPM,95.65%,28.471 SECS,"$2,261",781
09/12/24 8:13 AM,1ST / 5,60WPM,97.73%,26.278 SECS,"$5,300","3,400"
09/12/24 8:14 AM,1ST / 5,62WPM,95.16%,24.072 SECS,"$2,714",854
09/12/24 8:22 AM,1ST / 5,64WPM,97.1%,25.885 SECS,"$2,778",883
09/12/24 9:42 AM,2ND / 5,63WPM,96.32%,25.897 SECS,"$2,241",601
09/12/24 9:47 AM,3RD / 5,65WPM,94.96%,25.787 SECS,"$2,110",570
09/12/24 9:47 AM,1ST / 5,74WPM,99.27%,22.255 SECS,"$2,498",703
09/12/24 9:53 AM,3RD / 5,63WPM,94.93%,26.224 SECS,"$2,106",566
09/12/24 9:54 AM,1ST / 5,75WPM,99.26%,21.713 SECS,"$2,500",705
09/12/24 9:55 AM,1ST / 5,78WPM,97.84%,21.444 SECS,"$3,456","1,686"
09/13/24 10:41 AM,2ND / 5,64WPM,94.44%,23.516 SECS,"$2,218",588
09/13/24 10:42 AM,1ST / 5,59WPM,95.8%,24.184 SECS,"$2,343",613
09/13/24 10:42 AM,2ND / 5,63WPM,96.06%,24.249 SECS,"$2,241",601
09/13/24 10:43 AM,2ND / 5,65WPM,96.83%,23.211 SECS,"$2,270",615
09/13/24 12:30 PM,2ND / 5,64WPM,96.03%,23.753 SECS,"$2,243",603
09/13/24 12:31 PM,1ST / 5,74WPM,100%,20.881 SECS,"$2,598",728
09/13/24 12:31 PM,2ND / 5,57WPM,95.73%,24.634 SECS,"$2,229",589
09/13/24 12:32 PM,1ST / 5,66WPM,94.81%,24.554 SECS,"$2,332",612
09/13/24 12:33 PM,4TH / 5,61WPM,91.13%,24.326 SECS,"$2,042",592
09/13/24 12:34 PM,3RD / 5,63WPM,94.7%,25.086 SECS,"$2,156",616
09/13/24 12:35 PM,3RD / 5,64WPM,93.01%,26.799 SECS,"$2,108",568
09/13/24 12:37 PM,1ST / 5,59WPM,92.37%,26.772 SECS,"$2,318",598
09/13/24 12:38 PM,2ND / 5,66WPM,95.31%,23.38 SECS,"$2,222",592
09/13/24 12:39 PM,1ST / 5,66WPM,91.18%,24.758 SECS,"$2,432",712
09/13/24 12:40 PM,2ND / 5,70WPM,94.81%,23.131 SECS,"$2,340",710
09/13/24 2:40 PM,3RD / 5,68WPM,96.53%,25.528 SECS,"$2,166",601
09/13/24 7:17 AM,2ND / 5,68WPM,97.04%,23.969 SECS,"$2,276",621
09/13/24 7:17 AM,2ND / 5,66WPM,97.18%,25.811 SECS,"$2,272",617
09/13/24 7:18 AM,1ST / 5,66WPM,95.56%,24.598 SECS,"$2,357",627
09/13/24 7:19 AM,1ST / 5,74WPM,97.58%,20.239 SECS,"$2,448",678
09/13/24 7:20 AM,1ST / 5,69WPM,97.12%,24.304 SECS,"$2,388",643
09/13/24 7:21 AM,4TH / 5,60WPM,96.85%,25.526 SECS,"$2,040",565
09/13/24 7:24 AM,1ST / 5,63WPM,97.06%,25.853 SECS,"$2,376",631
09/13/24 7:25 AM,1ST / 5,78WPM,95.07%,21.901 SECS,"$2,456",736
09/13/24 7:27 AM,5TH / 5,60WPM,92.62%,29.926 SECS,"$2,080",720
09/13/24 7:28 AM,4TH / 5,59WPM,94.71%,34.819 SECS,"$4,738","3,288"
09/13/24 7:29 AM,4TH / 5,74WPM,98.8%,27.251 SECS,"$2,428",903
09/13/24 7:30 AM,4TH / 5,67WPM,91.77%,28.167 SECS,"$2,274",824
09/13/24 7:31 AM,5TH / 5,58WPM,93.21%,33.543 SECS,"$2,156",796
09/13/24 7:32 AM,4TH / 5,66WPM,97.48%,28.753 SECS,"$2,342",867
09/13/24 7:33 AM,4TH / 5,67WPM,97.42%,27.776 SECS,"$2,314",839
09/13/24 7:33 AM,4TH / 5,68WPM,94.3%,28.043 SECS,"$2,256",806
09/13/24 7:34 AM,4TH / 5,58WPM,93.83%,33.445 SECS,"$2,256",806
09/13/24 7:36 AM,3RD / 5,56WPM,96.8%,26.62 SECS,"$2,332",767
09/13/24 7:36 AM,3RD / 5,60WPM,94.35%,24.882 SECS,"$5,480","3,940"
09/13/24 7:37 AM,3RD / 5,64WPM,96.38%,26.041 SECS,"$2,333",783
09/13/24 7:38 AM,5TH / 5,53WPM,95.62%,31.206 SECS,"$2,111",741
09/13/24 7:38 AM,5TH / 5,59WPM,92.7%,27.862 SECS,"$2,088",728
09/13/24 7:39 AM,1ST / 5,73WPM,96.83%,20.77 SECS,"$5,126","3,381"
09/13/24 7:40 AM,1ST / 5,65WPM,96.32%,25.061 SECS,"$2,595",865
09/13/24 7:44 AM,5TH / 5,56WPM,91.24%,29.315 SECS,"$2,122",762
09/13/24 7:45 AM,3RD / 5,65WPM,98.52%,24.83 SECS,"$2,520",895
09/13/24 7:46 AM,2ND / 5,61WPM,92.86%,24.704 SECS,"$2,482",832
09/13/24 7:51 AM,4TH / 5,54WPM,93.01%,31.986 SECS,"$2,258",778
09/13/24 7:52 AM,2ND / 5,58WPM,93.8%,26.878 SECS,"$2,496",826
09/13/24 8:02 AM,3RD / 5,57WPM,92.54%,28.113 SECS,"$2,394",804
09/13/24 8:03 AM,2ND / 5,53WPM,92.11%,25.82 SECS,"$2,506",816
09/14/24 9:25 AM,5TH / 5,57WPM,94.85%,28.383 SECS,"$1,874",514
09/15/24 9:13 PM,3RD / 5,62WPM,92.7%,26.315 SECS,"$2,104",564
09/16/24 1:17 PM,4TH / 5,61WPM,94.85%,26.948 SECS,"$1,992",542
09/16/24 1:18 PM,2ND / 5,64WPM,94.85%,25.321 SECS,"$2,218",588
09/16/24 1:19 PM,1ST / 5,77WPM,98.28%,18.178 SECS,"$2,454",684
09/16/24 1:20 PM,1ST / 5,59WPM,90.08%,24.545 SECS,"$2,318",598
09/16/24 1:20 PM,4TH / 5,57WPM,93.75%,26.857 SECS,"$1,984",534
09/16/24 1:21 PM,1ST / 5,65WPM,94.78%,21.321 SECS,"$2,330",610
09/16/24 1:22 PM,1ST / 5,75WPM,96.18%,20.974 SECS,"$2,425",695
09/16/24 1:24 PM,1ST / 5,64WPM,92.97%,24.172 SECS,"$2,328",608
09/16/24 1:25 PM,5TH / 5,65WPM,94.52%,26.761 SECS,"$1,990",630
09/16/24 1:25 PM,1ST / 5,74WPM,97.87%,23.01 SECS,"$2,448",678
09/16/24 1:26 PM,5TH / 5,58WPM,89.05%,28.303 SECS,"$1,986",626
09/16/24 1:28 PM,5TH / 5,65WPM,97.28%,27.116 SECS,"$2,060",675
09/16/24 1:29 PM,5TH / 5,62WPM,87.67%,28.218 SECS,"$2,014",654
09/16/24 1:30 PM,1ST / 5,74WPM,93.92%,24.096 SECS,"$52,498","1,778"
09/16/24 1:30 PM,1ST / 5,77WPM,98.46%,20.264 SECS,"$2,594",824
09/16/24 1:32 PM,3RD / 5,66WPM,96.95%,23.659 SECS,"$2,332",767
09/16/24 1:32 PM,1ST / 5,69WPM,94.93%,24.148 SECS,"$2,548",828
09/16/24 11:32 AM,1ST / 5,68WPM,97.48%,21.036 SECS,"$2,386",641
09/16/24 11:33 AM,5TH / 5,53WPM,88.98%,28.953 SECS,"$1,866",506
09/16/24 11:34 AM,1ST / 5,64WPM,96.12%,24.336 SECS,"$52,353","1,623"
09/16/24 11:34 AM,2ND / 5,66WPM,96.9%,23.563 SECS,"$2,272",617
09/16/24 11:35 AM,5TH / 5,58WPM,94.93%,28.765 SECS,"$1,876",516
09/16/24 12:00 PM,5TH / 5,52WPM,92.8%,28.768 SECS,"$1,914",554
09/16/24 12:02 PM,1ST / 5,59WPM,94.07%,23.999 SECS,"$2,318",598
09/16/24 12:03 PM,3RD / 5,53WPM,93.16%,26.42 SECS,"$2,086",546
09/16/24 12:04 PM,1ST / 5,72WPM,96.88%,21.22 SECS,"$2,394",649
09/16/24 2:34 PM,2ND / 5,68WPM,95.45%,23.459 SECS,"$2,226",596
09/16/24 2:36 PM,4TH / 5,59WPM,96%,30.587 SECS,"$2,013",553
09/16/24 2:38 PM,2ND / 5,71WPM,95.59%,23.103 SECS,"$2,257",617
09/16/24 2:38 PM,4TH / 5,64WPM,96.03%,28.099 SECS,"$2,023",563
09/16/24 2:41 PM,3RD / 5,62WPM,96.55%,28.064 SECS,"$2,154",589
09/16/24 2:42 PM,2ND / 5,64WPM,97.01%,25.041 SECS,"$2,268",613
09/16/24 2:44 PM,3RD / 5,67WPM,93.96%,26.561 SECS,"$2,114",574
09/16/24 2:49 PM,4TH / 5,66WPM,95.1%,26.028 SECS,"$2,002",552
09/16/24 2:50 PM,1ST / 5,69WPM,96.32%,23.717 SECS,"$2,363",633
09/16/24 7:26 AM,3RD / 5,57WPM,94.4%,26.102 SECS,"$2,094",554
09/16/24 7:28 AM,4TH / 5,57WPM,96.32%,28.715 SECS,"$2,009",549
09/16/24 7:29 AM,5TH / 5,57WPM,92.81%,29.52 SECS,"$1,874",514
09/16/24 7:42 AM,3RD / 5,60WPM,96.03%,25.208 SECS,"$2,125",575
09/16/24 7:49 AM,1ST / 5,64WPM,99.18%,22.935 SECS,"$2,478",683
09/16/24 7:58 AM,3RD / 5,60WPM,97.54%,24.553 SECS,"$2,200",610
09/16/24 8:03 AM,5TH / 5,56WPM,96.35%,29.584 SECS,"$1,897",527
09/16/24 8:05 AM,2ND / 5,71WPM,98.54%,23.196 SECS,"$2,382",677
09/16/24 8:07 AM,4TH / 5,57WPM,92.19%,27.11 SECS,"$1,984",534
09/16/24 8:08 AM,5TH / 5,60WPM,97.12%,27.908 SECS,"$2,030",645
09/16/24 8:10 AM,2ND / 5,59WPM,91.2%,25.563 SECS,"$2,318",688
09/16/24 8:11 AM,2ND / 5,59WPM,93.08%,26.416 SECS,"$2,328",698
09/16/24 8:13 AM,3RD / 5,59WPM,96.88%,26.092 SECS,"$2,278",713
09/16/24 8:14 AM,3RD / 5,63WPM,94.81%,25.734 SECS,"$2,246",706
09/16/24 8:16 AM,2ND / 5,59WPM,94.81%,27.527 SECS,"$2,358",728
09/16/24 8:17 AM,1ST / 5,61WPM,95.24%,24.605 SECS,"$2,492",772
09/16/24 8:17 AM,1ST / 5,59WPM,96.55%,23.396 SECS,"$2,528",783
09/16/24 8:23 AM,5TH / 5,52WPM,89.39%,30.516 SECS,"$2,044",684
09/16/24 8:24 AM,5TH / 5,54WPM,90.55%,28.011 SECS,"$2,058",698
09/16/24 8:25 AM,2ND / 5,57WPM,96.61%,25.017 SECS,"$2,454",799
09/16/24 8:26 AM,1ST / 5,60WPM,95.65%,22.814 SECS,"$2,555",825
09/16/24 8:27 AM,1ST / 5,62WPM,98.32%,23.19 SECS,"$2,644",874
09/16/24 8:28 AM,1ST / 5,67WPM,96.88%,23.029 SECS,"$5,114","3,369"
09/16/24 8:29 AM,2ND / 5,66WPM,97.62%,22.923 SECS,"$5,062","3,382"
09/16/24 8:30 AM,5TH / 5,49WPM,88.7%,28.136 SECS,"$2,108",748
09/16/24 8:31 AM,5TH / 5,47WPM,92.86%,31.956 SECS,"$2,114",744
09/16/24 8:32 AM,1ST / 5,56WPM,95.65%,24.832 SECS,"$5,107","3,357"
09/16/24 8:44 AM,5TH / 5,54WPM,92.97%,28.313 SECS,"$2,148",758
09/16/24 8:45 AM,1ST / 5,64WPM,96.8%,23.524 SECS,"$2,678",883
09/16/24 8:45 AM,1ST / 5,59WPM,97.66%,26.098 SECS,"$2,708",898
09/16/24 8:46 AM,1ST / 5,64WPM,96.58%,21.816 SECS,"$2,698",883
09/16/24 8:46 AM,1ST / 5,66WPM,96.69%,21.848 SECS,"$2,692",887
09/16/24 8:47 AM,1ST / 5,60WPM,93.8%,25.828 SECS,"$2,650",850
09/16/24 8:48 AM,1ST / 5,60WPM,96.43%,22.539 SECS,"$2,685",865
09/16/24 8:50 AM,4TH / 5,57WPM,94.66%,27.795 SECS,"$2,334",784
09/16/24 9:12 AM,1ST / 5,64WPM,97.64%,23.852 SECS,"$2,788",908
09/17/24 1:52 PM,1ST / 5,73WPM,97.79%,22.231 SECS,"$2,446",676
09/17/24 1:53 PM,2ND / 5,67WPM,96.92%,23.342 SECS,"$2,274",619
09/17/24 1:53 PM,2ND / 5,64WPM,94.85%,25.525 SECS,"$2,218",588
09/17/24 1:54 PM,2ND / 5,68WPM,96.21%,23.384 SECS,"$2,251",611
09/17/24 1:55 PM,2ND / 5,64WPM,93.7%,23.96 SECS,"$2,218",588
09/17/24 1:55 PM,2ND / 5,72WPM,96.35%,22.749 SECS,"$2,259",619
09/17/24 1:56 PM,1ST / 5,64WPM,96.77%,23.219 SECS,"$2,378",633
09/17/24 1:56 PM,2ND / 5,59WPM,92.86%,25.663 SECS,"$2,208",578
09/17/24 1:57 PM,2ND / 5,73WPM,97.24%,23.832 SECS,"$2,286",631
09/17/24 1:58 PM,1ST / 5,72WPM,96.55%,24.045 SECS,"$2,504",759
09/17/24 1:58 PM,2ND / 5,72WPM,96.06%,21.026 SECS,"$2,359",719
09/17/24 1:59 PM,3RD / 5,53WPM,91.04%,30.067 SECS,"$2,206",666
09/17/24 2:00 PM,2ND / 5,73WPM,95.86%,23.974 SECS,"$2,391",751
09/17/24 2:01 PM,1ST / 5,67WPM,96.35%,24.6 SECS,"$2,509",779
09/17/24 2:01 PM,4TH / 5,71WPM,97.93%,24.642 SECS,"$2,252",752
09/17/24 2:02 PM,2ND / 5,72WPM,98.59%,23.697 SECS,"$2,544",839
09/17/24 2:03 PM,4TH / 5,61WPM,94.12%,26.904 SECS,"$2,162",712
09/17/24 7:29 AM,4TH / 5,59WPM,94.03%,27.211 SECS,"$1,988",538
09/17/24 7:33 AM,5TH / 5,54WPM,92.31%,31.991 SECS,"$1,868",508
09/17/24 7:34 AM,2ND / 5,57WPM,96.12%,27.172 SECS,"$2,229",589
09/17/24 7:41 AM,5TH / 5,60WPM,95.14%,28.84 SECS,"$1,880",520
09/17/24 7:42 AM,3RD / 5,63WPM,97.06%,26.108 SECS,"$2,156",591
09/17/24 7:43 AM,3RD / 5,62WPM,96.06%,24.466 SECS,"$2,129",579
09/17/24 7:44 AM,3RD / 5,71WPM,98.46%,22.026 SECS,"$2,222",632
09/17/24 7:44 AM,4TH / 5,60WPM,92.59%,26.79 SECS,"$1,990",540
09/17/24 7:45 AM,1ST / 5,67WPM,97.78%,24.156 SECS,"$4,234","2,464"
09/17/24 7:48 AM,5TH / 5,54WPM,92.91%,31.157 SECS,"$1,968",608
09/17/24 7:49 AM,1ST / 5,63WPM,98.35%,22.918 SECS,"$5,036","3,266"
09/17/24 7:50 AM,5TH / 5,60WPM,90.37%,27.157 SECS,"$5,210","3,850"
09/17/24 7:50 AM,2ND / 5,62WPM,96.21%,25.372 SECS,"$2,359",719
09/17/24 7:51 AM,1ST / 5,66WPM,97.84%,25.367 SECS,"$2,572",802
09/17/24 7:57 AM,2ND / 5,66WPM,96.8%,22.574 SECS,"$2,422",767
09/17/24 8:05 AM,4TH / 5,63WPM,96.38%,26.425 SECS,"$2,181",721
09/17/24 8:07 AM,5TH / 5,53WPM,89.71%,31.015 SECS,"$2,036",676
09/17/24 8:08 AM,1ST / 5,65WPM,96.21%,24.287 SECS,"$2,535",805
09/17/24 8:09 AM,5TH / 5,57WPM,93.43%,28.593 SECS,"$2,064",704
09/17/24 8:11 AM,5TH / 5,55WPM,87.68%,30.085 SECS,"$2,070",710
09/17/24 8:14 AM,4TH / 5,50WPM,95.56%,32.685 SECS,"$2,205",745
09/17/24 8:15 AM,2ND / 5,61WPM,92.8%,24.425 SECS,"$2,432",802
09/17/24 8:16 AM,1ST / 5,57WPM,95.8%,24.937 SECS,"$2,579",849
09/17/24 8:16 AM,4TH / 5,55WPM,92.86%,27.668 SECS,"$2,210",760
09/17/24 8:19 AM,2ND / 5,62WPM,93.08%,25.268 SECS,"$2,464",834
09/17/24 8:22 AM,3RD / 5,62WPM,96.83%,24.364 SECS,"$2,414",839
09/17/24 8:23 AM,4TH / 5,56WPM,95.31%,27.47 SECS,"$2,252",782
09/17/24 8:24 AM,1ST / 5,66WPM,100%,21.652 SECS,"$2,862",962
09/17/24 8:37 AM,1ST / 5,66WPM,97.56%,22.346 SECS,"$52,722","1,912"
09/17/24 8:38 AM,4TH / 5,56WPM,93.7%,27.226 SECS,"$2,332",832
09/17/24 8:39 AM,3RD / 5,60WPM,93.8%,25.838 SECS,"$2,460",860
09/17/24 8:40 AM,4TH / 5,47WPM,92.13%,32.225 SECS,"$2,334",814
09/17/24 8:41 AM,3RD / 5,52WPM,93.22%,27.383 SECS,"$2,464",844
09/17/24 8:42 AM,5TH / 5,56WPM,93.8%,27.504 SECS,"$2,262",812
09/17/24 8:43 AM,2ND / 5,60WPM,97.46%,23.533 SECS,"$2,660",905
09/17/24 8:55 AM,3RD / 5,62WPM,96.9%,25.091 SECS,"$2,514",839
09/17/24 9:00 AM,1ST / 5,62WPM,97.44%,22.609 SECS,"$2,744",879
09/17/24 9:01 AM,3RD / 5,60WPM,93.8%,25.687 SECS,"$2,490",810
09/17/24 9:01 AM,1ST / 5,60WPM,99.16%,23.942 SECS,"$2,850",925
09/17/24 9:03 AM,3RD / 5,59WPM,92.91%,25.993 SECS,"$2,498",808
09/17/24 9:04 AM,1ST / 5,74WPM,98.43%,20.667 SECS,"$2,858",928
09/17/24 9:06 AM,1ST / 5,59WPM,93.97%,23.593 SECS,"$2,738",848
09/17/24 9:10 AM,2ND / 5,59WPM,93.65%,25.71 SECS,"$52,638","1,828"
09/17/24 9:12 AM,4TH / 5,55WPM,92.59%,29.688 SECS,"$2,420",780
09/17/24 9:14 AM,1ST / 5,64WPM,97.78%,25.466 SECS,"$2,878",908
09/17/24 9:15 AM,1ST / 5,77WPM,98.52%,21.048 SECS,"$2,964",959
09/17/24 9:40 AM,5TH / 5,53WPM,93.43%,31.044 SECS,"$2,336",756
09/18/24 8:53 AM,3RD / 5,69WPM,95.86%,25.224 SECS,"$2,143",593
09/18/24 8:54 AM,5TH / 5,63WPM,93.33%,28.582 SECS,"$1,886",526
09/18/24 8:54 AM,5TH / 5,61WPM,94.48%,28.623 SECS,"$1,882",522
09/18/24 8:55 AM,5TH / 5,57WPM,93.33%,31.494 SECS,"$1,874",514
09/18/24 8:56 AM,2ND / 5,63WPM,95.56%,25.875 SECS,"$2,241",601
09/18/24 8:57 AM,3RD / 5,61WPM,95.12%,24.394 SECS,"$2,102",562
09/18/24 8:57 AM,3RD / 5,63WPM,96.3%,25.605 SECS,"$2,131",581
09/18/24 8:58 AM,1ST / 5,58WPM,95.04%,24.846 SECS,"$2,316",596
09/18/24 9:29 AM,1ST / 5,59WPM,94.4%,25.352 SECS,"$2,318",598
09/18/24 9:29 AM,4TH / 5,58WPM,94.57%,26.768 SECS,"$1,986",536
09/18/24 9:30 AM,1ST / 5,71WPM,100%,23.795 SECS,"$2,592",722
09/18/24 9:31 AM,2ND / 5,62WPM,97.08%,26.433 SECS,"$2,264",609
09/18/24 9:32 AM,1ST / 5,70WPM,98.51%,22.969 SECS,"$2,490",695
09/18/24 9:32 AM,1ST / 5,67WPM,97.79%,24.312 SECS,"$4,934","3,164"
09/18/24 9:38 AM,4TH / 5,60WPM,97.08%,27.364 SECS,"$2,040",565
09/18/24 9:39 AM,1ST / 5,71WPM,96.77%,20.957 SECS,"$4,892","3,147"
09/18/24 9:50 AM,2ND / 5,65WPM,93.38%,25.243 SECS,"$2,220",590
09/18/24 9:53 AM,1ST / 5,67WPM,97.81%,24.704 SECS,"$5,034","3,264"
09/19/24 1:20 PM,1ST / 5,62WPM,96.06%,24.738 SECS,"$2,349",619
09/19/24 1:21 PM,4TH / 5,61WPM,90.98%,26.347 SECS,"$1,992",542
09/19/24 1:21 PM,1ST / 5,68WPM,97.73%,23.267 SECS,"$2,436",666
09/19/24 1:41 PM,3RD / 5,66WPM,94.33%,25.745 SECS,"$2,112",572
09/19/24 1:45 PM,1ST / 5,78WPM,98.55%,21.309 SECS,"$2,506",711
09/19/24 1:47 PM,1ST / 5,82WPM,98.41%,18.532 SECS,"$3,464","1,694"
09/19/24 1:49 PM,3RD / 5,66WPM,94.89%,24.836 SECS,"$2,112",572
09/19/24 1:50 PM,5TH / 5,57WPM,87.16%,31.067 SECS,"$1,874",514
09/19/24 1:51 PM,3RD / 5,64WPM,94.37%,26.507 SECS,"$2,108",568
09/19/24 1:59 PM,3RD / 5,71WPM,97.22%,24.407 SECS,"$2,272",707
09/19/24 2:00 PM,3RD / 5,57WPM,91.03%,30.278 SECS,"$2,214",674
09/19/24 2:00 PM,5TH / 5,59WPM,90.34%,29.441 SECS,"$1,988",628
09/19/24 8:09 AM,5TH / 5,65WPM,95.68%,25.497 SECS,"$1,915",545
09/19/24 8:09 AM,5TH / 5,65WPM,92.57%,27.392 SECS,"$1,890",530
09/19/24 8:10 AM,1ST / 5,64WPM,99.28%,26.019 SECS,"$2,478",683
09/19/24 8:11 AM,2ND / 5,64WPM,95.74%,26.497 SECS,"$2,243",603
09/19/24 8:13 AM,4TH / 5,56WPM,95.16%,26.556 SECS,"$1,982",532
09/19/24 8:13 AM,5TH / 5,56WPM,95.62%,29.491 SECS,"$1,897",527
09/19/24 8:14 AM,1ST / 5,61WPM,97.04%,26.642 SECS,"$2,372",627
09/19/24 8:15 AM,2ND / 5,59WPM,99.22%,26.09 SECS,"$2,358",653
09/19/24 8:16 AM,2ND / 5,61WPM,93.75%,25.012 SECS,"$2,312",682
09/19/24 8:16 AM,2ND / 5,59WPM,98.44%,26.083 SECS,"$2,308",628
09/19/24 8:17 AM,5TH / 5,59WPM,97.1%,28.13 SECS,"$2,038",653
09/19/24 8:18 AM,2ND / 5,60WPM,97.44%,23.552 SECS,"$5,590","3,935"
09/19/24 8:18 AM,1ST / 5,64WPM,93.65%,23.74 SECS,"$2,448",728
09/19/24 8:19 AM,2ND / 5,62WPM,98.26%,22.396 SECS,"$4,954","3,274"
09/19/24 8:20 AM,3RD / 5,57WPM,94.4%,26.273 SECS,"$2,244",704
09/19/24 8:21 AM,2ND / 5,63WPM,95.42%,24.797 SECS,"$2,386",756
09/19/24 8:21 AM,2ND / 5,57WPM,97.46%,24.707 SECS,"$2,464",809
09/19/24 8:22 AM,1ST / 5,74WPM,98.47%,21.257 SECS,"$2,638",868
09/19/24 8:22 AM,1ST / 5,74WPM,96.85%,20.659 SECS,"$2,578",833
09/19/24 8:23 AM,3RD / 5,57WPM,92.31%,27.421 SECS,"$2,294",754
09/19/24 8:24 AM,1ST / 5,64WPM,97.67%,24.362 SECS,"$2,648",878
09/19/24 8:24 AM,3RD / 5,61WPM,92.09%,27.201 SECS,"$2,312",772
09/19/24 8:25 AM,5TH / 5,56WPM,95.59%,29.333 SECS,"$2,127",757
09/19/24 8:26 AM,1ST / 5,67WPM,96.38%,24.557 SECS,"$52,609","1,879"
09/19/24 8:26 AM,5TH / 5,56WPM,94.85%,28.891 SECS,"$2,112",752
09/19/24 8:27 AM,1ST / 5,60WPM,96.75%,24.402 SECS,"$2,630",875
09/19/24 8:28 AM,5TH / 5,59WPM,96.38%,27.88 SECS,"$2,173",783
09/19/24 8:29 AM,1ST / 5,63WPM,97.58%,23.804 SECS,"$5,916","4,106"
09/19/24 8:29 AM,3RD / 5,60WPM,95.31%,25.624 SECS,"$2,380",810
09/19/24 8:34 AM,1ST / 5,62WPM,95.16%,24.165 SECS,"$2,624",854
09/19/24 8:35 AM,5TH / 5,62WPM,91.18%,26.203 SECS,"$2,194",774
09/20/24 7:36 AM,4TH / 5,65WPM,95.24%,27.322 SECS,"$2,000",550
09/20/24 7:37 AM,5TH / 5,56WPM,88.97%,31.232 SECS,"$1,872",512
09/20/24 7:38 AM,1ST / 5,69WPM,99.21%,21.811 SECS,"$2,538",743
09/20/24 7:39 AM,4TH / 5,65WPM,94.66%,24.335 SECS,"$2,050",600
09/20/24 7:39 AM,4TH / 5,54WPM,93.23%,29.563 SECS,"$1,978",528
09/20/24 7:40 AM,4TH / 5,61WPM,92.81%,27.428 SECS,"$2,042",592
09/20/24 7:41 AM,3RD / 5,70WPM,96.97%,22.739 SECS,"$2,170",605
09/20/24 7:42 AM,5TH / 5,55WPM,92%,27.153 SECS,"$1,870",510
09/20/24 7:43 AM,2ND / 5,61WPM,96.24%,26.067 SECS,"$4,837","3,197"
09/20/24 7:43 AM,2ND / 5,58WPM,97.69%,26.989 SECS,"$2,306",626
09/20/24 7:44 AM,1ST / 5,60WPM,94.57%,25.631 SECS,"$2,430",710
09/20/24 7:45 AM,1ST / 5,68WPM,96.12%,22.702 SECS,"$4,981","3,251"
09/20/24 7:46 AM,1ST / 5,67WPM,97.73%,23.576 SECS,"$4,374","2,604"
09/20/24 7:46 AM,4TH / 5,60WPM,96.3%,26.899 SECS,"$2,145",685
09/20/24 7:47 AM,1ST / 5,63WPM,94.07%,25.68 SECS,"$2,476",756
09/20/24 7:48 AM,1ST / 5,67WPM,98.41%,22.422 SECS,"$2,594",824
09/20/24 7:49 AM,3RD / 5,61WPM,90.37%,26.756 SECS,"$2,272",732
09/20/24 7:50 AM,5TH / 5,60WPM,93.33%,27.039 SECS,"$2,060",700
09/20/24 7:51 AM,1ST / 5,63WPM,95.9%,23.146 SECS,"$2,541",811
09/20/24 7:52 AM,2ND / 5,61WPM,91.54%,25.557 SECS,"$2,422",792
09/20/24 7:52 AM,3RD / 5,58WPM,93.13%,26.881 SECS,"$2,346",806
09/20/24 7:53 AM,5TH / 5,50WPM,92.65%,32.844 SECS,"$2,080",720
09/20/24 7:54 AM,1ST / 5,64WPM,96.92%,24.212 SECS,"$2,618",873
09/20/24 7:54 AM,2ND / 5,65WPM,92.36%,26.693 SECS,"$2,450",820
09/20/24 7:55 AM,3RD / 5,64WPM,95.65%,26.044 SECS,"$2,383",833
09/20/24 7:56 AM,1ST / 5,66WPM,96.77%,22.557 SECS,"$2,652",887
09/20/24 7:56 AM,3RD / 5,62WPM,97.1%,26.64 SECS,"$2,414",839
09/20/24 7:58 AM,1ST / 5,60WPM,96.27%,26.983 SECS,"$2,635",865
09/20/24 7:58 AM,1ST / 5,65WPM,95.35%,23.973 SECS,"$2,610",860
09/25/24 7:12 AM,5TH / 5,55WPM,93.53%,30.256 SECS,"$1,870",510
09/25/24 7:13 AM,4TH / 5,64WPM,96.09%,24.041 SECS,"$2,023",563
09/25/24 7:13 AM,5TH / 5,59WPM,94.93%,28.002 SECS,"$1,878",518
09/25/24 7:14 AM,3RD / 5,57WPM,93.6%,26.356 SECS,"$2,094",554
09/25/24 7:15 AM,5TH / 5,48WPM,88.98%,31.935 SECS,"$1,856",496
09/25/24 7:16 AM,3RD / 5,55WPM,92.56%,26.628 SECS,"$2,090",550
09/25/24 7:17 AM,3RD / 5,65WPM,99.15%,21.746 SECS,"$2,260",645
09/25/24 7:17 AM,2ND / 5,54WPM,95.08%,27.333 SECS,"$2,198",568
09/25/24 7:18 AM,5TH / 5,50WPM,89.34%,29.257 SECS,"$1,860",500
09/25/24 7:19 AM,3RD / 5,54WPM,93.28%,26.279 SECS,"$2,198",658
09/25/24 7:19 AM,4TH / 5,54WPM,96.06%,28.255 SECS,"$2,103",643
09/25/24 7:20 AM,1ST / 5,57WPM,94.23%,22.01 SECS,"$2,434",714
09/25/24 7:21 AM,5TH / 5,47WPM,91.27%,32.258 SECS,"$1,994",634
09/25/24 7:21 AM,2ND / 5,62WPM,97.37%,22.068 SECS,"$2,394",739
09/25/24 7:22 AM,1ST / 5,50WPM,95.1%,24.64 SECS,"$8,150","6,430"
09/25/24 7:23 AM,5TH / 5,48WPM,91.3%,28.563 SECS,"$2,016",656
09/25/24 7:24 AM,2ND / 5,47WPM,97.25%,28.066 SECS,"$2,414",759
09/25/24 7:24 AM,1ST / 5,56WPM,96.49%,24.293 SECS,"$2,507",777
09/25/24 7:25 AM,2ND / 5,54WPM,95.37%,23.89 SECS,"$2,388",758
09/25/24 7:26 AM,2ND / 5,58WPM,95.73%,24.039 SECS,"$2,441",801
09/25/24 7:26 AM,4TH / 5,54WPM,94.92%,26.215 SECS,"$2,178",728
09/25/24 7:27 AM,4TH / 5,53WPM,95.28%,24.12 SECS,"$2,196",746
09/25/24 7:28 AM,2ND / 5,51WPM,98.08%,24.498 SECS,"$2,522",842
09/25/24 7:29 AM,1ST / 5,60WPM,100%,22.605 SECS,"$4,610","2,740"
09/25/24 8:29 AM,1ST / 5,57WPM,89.29%,23.774 SECS,"$2,314",594
09/26/24 1:03 PM,2ND / 5,64WPM,93.16%,21.864 SECS,"$2,218",588
09/26/24 1:04 PM,1ST / 5,63WPM,98.23%,21.448 SECS,"$2,426",656
09/26/24 1:05 PM,1ST / 5,71WPM,96.88%,21.498 SECS,"$2,442",697
09/26/24 1:05 PM,1ST / 5,61WPM,95%,23.573 SECS,"$2,322",602
09/26/24 1:07 PM,1ST / 5,73WPM,100%,22.086 SECS,"$5,146","3,276"
09/26/24 1:08 PM,2ND / 5,63WPM,96.99%,25.245 SECS,"$52,316","1,661"
09/26/24 1:08 PM,2ND / 5,63WPM,91.18%,25.971 SECS,"$2,266",636
09/26/24 1:09 PM,4TH / 5,55WPM,96.9%,27.995 SECS,"$2,080",605
09/26/24 1:10 PM,2ND / 5,70WPM,97.01%,22.922 SECS,"$5,530","3,875"
09/26/24 1:11 PM,1ST / 5,68WPM,99.24%,23.182 SECS,"$2,636",841
09/26/24 1:12 PM,4TH / 5,59WPM,93.53%,28.295 SECS,"$2,098",648
09/26/24 1:13 PM,2ND / 5,64WPM,93.02%,24.244 SECS,"$2,338",708
09/26/24 1:14 PM,2ND / 5,65WPM,97.81%,25.171 SECS,"$5,650","3,970"
09/26/24 1:21 PM,4TH / 5,55WPM,94.53%,27.994 SECS,"$2,120",670
09/26/24 7:27 AM,2ND / 5,51WPM,90.98%,28.457 SECS,"$2,192",562
09/26/24 7:28 AM,2ND / 5,61WPM,96.52%,22.741 SECS,"$2,262",607
09/26/24 7:29 AM,1ST / 5,60WPM,95.76%,23.525 SECS,"$2,345",615
09/26/24 7:30 AM,3RD / 5,66WPM,97.67%,23.428 SECS,"$2,212",622
09/26/24 8:02 AM,1ST / 5,58WPM,94.87%,24.187 SECS,"$2,316",596
09/27/24 1:26 PM,2ND / 5,68WPM,94.74%,23.461 SECS,"$2,226",596
09/27/24 1:26 PM,3RD / 5,70WPM,95.35%,22.17 SECS,"$2,120",580
09/27/24 1:27 PM,3RD / 5,66WPM,95.56%,24.536 SECS,"$2,137",587
09/27/24 1:28 PM,3RD / 5,66WPM,93.28%,24.484 SECS,"$2,112",572
09/27/24 1:29 PM,1ST / 5,76WPM,98.45%,20.437 SECS,"$2,452",682
09/27/24 1:29 PM,2ND / 5,68WPM,94.24%,24.595 SECS,"$2,226",596
09/27/24 1:30 PM,2ND / 5,72WPM,96.83%,20.987 SECS,"$2,284",629
09/27/24 1:30 PM,5TH / 5,63WPM,92.47%,27.778 SECS,"$1,886",526
09/27/24 1:31 PM,4TH / 5,66WPM,94.85%,24.76 SECS,"$2,002",552
09/27/24 1:32 PM,4TH / 5,60WPM,95%,27.803 SECS,"$2,100",650
09/27/24 1:32 PM,1ST / 5,70WPM,95.27%,25.356 SECS,"$2,440",720
09/27/24 1:33 PM,3RD / 5,70WPM,95.3%,25.587 SECS,"$2,240",700
09/27/24 1:34 PM,3RD / 5,62WPM,95.68%,26.706 SECS,"$2,259",709
09/27/24 1:35 PM,3RD / 5,68WPM,97.12%,24.586 SECS,"$2,316",751
09/27/24 1:35 PM,1ST / 5,66WPM,96.4%,25.204 SECS,"$2,497",767
09/27/24 1:36 PM,1ST / 5,77WPM,95.89%,22.79 SECS,"$52,539","1,809"
09/27/24 1:37 PM,4TH / 5,54WPM,95.17%,32.346 SECS,"$2,158",708
09/27/24 1:37 PM,1ST / 5,79WPM,98.62%,22.044 SECS,"$2,678",883
09/27/24 1:38 PM,5TH / 5,48WPM,94.29%,35.223 SECS,"$2,046",686
09/27/24 1:39 PM,2ND / 5,64WPM,95.62%,25.65 SECS,"$2,453",813
09/27/24 1:39 PM,2ND / 5,71WPM,95%,23.814 SECS,"$2,432",802
09/27/24 1:40 PM,3RD / 5,74WPM,97.1%,22.31 SECS,"$2,398",833
09/27/24 1:43 PM,2ND / 5,71WPM,95.21%,24.85 SECS,"$2,462",832
09/27/24 1:44 PM,1ST / 5,68WPM,93.29%,26.391 SECS,"$2,576",856
09/27/24 1:45 PM,2ND / 5,67WPM,93.33%,24.127 SECS,"$2,484",844
09/27/24 1:45 PM,5TH / 5,61WPM,94.52%,28.733 SECS,"$2,132",772
09/27/24 1:46 PM,2ND / 5,67WPM,95.56%,24.043 SECS,"$2,519",859
09/27/24 1:47 PM,5TH / 5,53WPM,82.68%,28.5 SECS,"$2,146",756
09/27/24 1:48 PM,1ST / 5,70WPM,96.77%,21.113 SECS,"$2,680",895
09/27/24 1:49 PM,4TH / 5,63WPM,94.41%,27.037 SECS,"$2,296",796
09/27/24 1:50 PM,2ND / 5,59WPM,92.37%,26.507 SECS,"$52,528","1,828"
09/27/24 1:50 PM,2ND / 5,70WPM,96.35%,23.402 SECS,"$2,565",865
09/27/24 1:51 PM,4TH / 5,66WPM,93.24%,26.878 SECS,"$2,332",802
09/27/24 1:52 PM,2ND / 5,67WPM,98.44%,22.988 SECS,"$2,674",894
09/27/24 1:52 PM,4TH / 5,64WPM,95.04%,26.464 SECS,"$2,338",798
09/27/24 1:53 PM,2ND / 5,68WPM,97.76%,23.763 SECS,"$2,686",896
09/27/24 1:54 PM,2ND / 5,61WPM,92.86%,24.591 SECS,"$2,582",832
09/27/24 1:55 PM,1ST / 5,74WPM,97.84%,22.646 SECS,"$2,838",928
09/27/24 1:55 PM,5TH / 5,51WPM,87.05%,32.442 SECS,"$2,242",752
09/27/24 1:56 PM,1ST / 5,61WPM,95.28%,25.189 SECS,"$2,732",852
09/27/24 1:56 PM,1ST / 5,72WPM,98.48%,21.891 SECS,"$2,844",924
09/27/24 1:57 PM,3RD / 5,70WPM,92.97%,21.902 SECS,"$2,540",830
09/27/24 1:58 PM,5TH / 5,59WPM,94.24%,28.04 SECS,"$2,318",768
09/27/24 1:58 PM,4TH / 5,64WPM,94.56%,27.374 SECS,"$2,428",798
09/27/24 1:59 PM,1ST / 5,63WPM,94.93%,26.443 SECS,"$2,776",856
09/27/24 2:00 PM,1ST / 5,62WPM,92.06%,24.312 SECS,"$2,794",854
09/27/24 2:00 PM,5TH / 5,48WPM,91.13%,30.763 SECS,"$2,316",746
09/27/24 2:01 PM,4TH / 5,60WPM,90.3%,26.966 SECS,"$2,470",790
09/27/24 2:02 PM,3RD / 5,75WPM,97.04%,21.538 SECS,"$2,670",865
09/27/24 2:03 PM,2ND / 5,67WPM,95.68%,24.878 SECS,"$2,749",859
09/27/24 2:04 PM,1ST / 5,67WPM,97.16%,25.379 SECS,"$2,894",889
09/27/24 2:05 PM,1ST / 5,66WPM,93.43%,24.884 SECS,"$2,862",862
09/27/24 2:05 PM,3RD / 5,64WPM,96.3%,25.23 SECS,"$2,653",833
09/27/24 2:06 PM,5TH / 5,63WPM,93.55%,23.671 SECS,"$2,426",776
09/27/24 7:51 AM,2ND / 5,61WPM,93.85%,25.689 SECS,"$2,212",582
09/27/24 7:51 AM,1ST / 5,59WPM,93.28%,27.271 SECS,"$2,318",598
09/27/24 7:52 AM,2ND / 5,72WPM,97.04%,22.421 SECS,"$2,284",629
09/27/24 7:53 AM,2ND / 5,71WPM,98.52%,22.879 SECS,"$2,382",677
09/27/24 7:53 AM,2ND / 5,65WPM,96.35%,25.158 SECS,"$2,245",605
09/27/24 7:54 AM,2ND / 5,67WPM,97.12%,25.001 SECS,"$2,274",619
09/27/24 7:55 AM,1ST / 5,65WPM,100%,23.429 SECS,"$2,580",710
09/27/24 7:55 AM,5TH / 5,55WPM,90.55%,27.532 SECS,"$1,870",510
09/27/24 7:56 AM,4TH / 5,59WPM,93.23%,27.05 SECS,"$1,988",538
09/27/24 7:57 AM,4TH / 5,62WPM,94.07%,26.083 SECS,"$2,094",644
09/27/24 7:58 AM,4TH / 5,61WPM,95.71%,27.572 SECS,"$2,137",677
09/27/24 7:58 AM,2ND / 5,58WPM,92.68%,25.335 SECS,"$7,316","5,686"
09/27/24 7:59 AM,5TH / 5,59WPM,92.75%,27.99 SECS,"$5,208","3,848"
10/02/24 10:08 AM,4TH / 5,57WPM,96.8%,26.184 SECS,"$2,034",559
10/02/24 10:11 AM,2ND / 5,60WPM,90.4%,24.875 SECS,"$2,210",580
10/02/24 10:23 AM,4TH / 5,56WPM,92.13%,27.137 SECS,"$1,982",532
10/02/24 10:24 AM,2ND / 5,66WPM,96.83%,22.892 SECS,"$2,272",617
10/02/24 10:28 AM,3RD / 5,58WPM,91.41%,26.491 SECS,"$2,096",556
10/02/24 2:25 PM,4TH / 5,67WPM,95.24%,22.713 SECS,"$2,004",554
10/02/24 2:37 PM,1ST / 5,70WPM,97.69%,22.325 SECS,"$2,440",670
10/02/24 7:40 AM,4TH / 5,62WPM,94.64%,32.493 SECS,"$2,144",694
10/02/24 7:41 AM,5TH / 5,64WPM,93.79%,27.171 SECS,"$2,038",678
10/02/24 7:41 AM,5TH / 5,65WPM,91.91%,31.842 SECS,"$2,040",680
10/02/24 7:42 AM,2ND / 5,68WPM,92.7%,24.078 SECS,"$2,376",746
10/02/24 7:43 AM,5TH / 5,62WPM,93.88%,28.298 SECS,"$2,034",674
10/02/24 7:44 AM,5TH / 5,59WPM,92.31%,29.017 SECS,"$2,028",668
10/02/24 7:45 AM,5TH / 5,60WPM,95.95%,29.444 SECS,"$3,855","2,485"
10/02/24 7:46 AM,5TH / 5,55WPM,93.38%,29.773 SECS,"$2,020",660
10/02/24 7:47 AM,1ST / 5,71WPM,95.52%,22.716 SECS,"$2,517",787
10/02/24 7:48 AM,5TH / 5,60WPM,92.14%,28.189 SECS,"$2,130",770
10/02/24 7:49 AM,1ST / 5,67WPM,96.06%,22.872 SECS,"$2,619",889
10/02/24 7:50 AM,2ND / 5,61WPM,94.62%,25.723 SECS,"$2,532",902
10/02/24 7:51 AM,5TH / 5,58WPM,87.05%,28.735 SECS,"$2,216",856
10/02/24 7:51 AM,2ND / 5,59WPM,94.74%,27.108 SECS,"$2,538",908
10/02/24 7:52 AM,1ST / 5,69WPM,97.48%,20.576 SECS,"$2,738",993
10/02/24 7:53 AM,2ND / 5,63WPM,93.65%,24.118 SECS,"$2,526",896
10/02/24 7:54 AM,5TH / 5,55WPM,92.13%,27.752 SECS,"$2,190",830
10/02/24 8:02 AM,5TH / 5,55WPM,96.15%,28.357 SECS,"$2,075",705
10/02/24 8:03 AM,5TH / 5,56WPM,97.66%,27.397 SECS,"$2,172",762
10/02/24 8:03 AM,5TH / 5,56WPM,95.2%,26.72 SECS,"$2,062",702
10/02/24 8:04 AM,1ST / 5,62WPM,97.46%,22.927 SECS,"$2,594",849
10/02/24 8:04 AM,2ND / 5,62WPM,97.62%,24.409 SECS,"$5,724","4,044"
10/02/24 8:05 AM,1ST / 5,68WPM,98.36%,21.483 SECS,"$2,666",896
10/02/24 8:06 AM,3RD / 5,59WPM,92.06%,25.554 SECS,"$2,348",808
10/02/24 8:06 AM,1ST / 5,66WPM,96.8%,22.665 SECS,"$2,622",877
10/02/24 8:07 AM,2ND / 5,62WPM,96.83%,24.396 SECS,"$52,574","1,909"
10/02/24 8:08 AM,1ST / 5,66WPM,98.33%,21.746 SECS,"$2,702",912
10/02/24 8:09 AM,5TH / 5,51WPM,91.43%,33.14 SECS,"$2,152",752
10/02/24 8:09 AM,1ST / 5,60WPM,96.09%,25.487 SECS,"$2,625",865
10/02/24 8:10 AM,1ST / 5,64WPM,99.24%,24.626 SECS,"$2,778",933
10/02/24 8:11 AM,3RD / 5,63WPM,100%,25.655 SECS,"$2,676",916
10/02/24 8:11 AM,5TH / 5,54WPM,93.85%,28.749 SECS,"$2,178",758
10/02/24 8:12 AM,3RD / 5,62WPM,97.08%,26.633 SECS,"$2,484",839
10/02/24 8:13 AM,1ST / 5,72WPM,100%,19.709 SECS,"$6,194","4,224"
10/02/24 8:13 AM,1ST / 5,66WPM,95.59%,24.853 SECS,"$2,697",877
10/02/24 8:45 AM,1ST / 5,70WPM,94.66%,22.515 SECS,"$52,340","1,620"
10/02/24 8:47 AM,5TH / 5,61WPM,90%,27.623 SECS,"$1,882",522
10/02/24 8:48 AM,5TH / 5,58WPM,88.89%,27.942 SECS,"$1,876",516
10/02/24 8:49 AM,3RD / 5,62WPM,93.33%,26.097 SECS,"$2,104",564
10/02/24 8:50 AM,2ND / 5,65WPM,93.75%,26.685 SECS,"$2,220",590
10/02/24 8:51 AM,4TH / 5,53WPM,91.06%,27.606 SECS,"$1,976",526
10/02/24 8:51 AM,2ND / 5,70WPM,97.71%,22.536 SECS,"$2,330",650
10/02/24 8:52 AM,3RD / 5,62WPM,92.65%,26.117 SECS,"$2,104",564
10/02/24 8:53 AM,2ND / 5,64WPM,94.93%,26.076 SECS,"$2,318",688
10/02/24 8:53 AM,1ST / 5,66WPM,94.89%,24.959 SECS,"$52,332","1,612"
10/02/24 8:56 AM,1ST / 5,67WPM,98.46%,23.355 SECS,"$2,544",774
10/02/24 8:58 AM,1ST / 5,70WPM,96.85%,21.893 SECS,"$2,510",765
10/02/24 9:17 AM,2ND / 5,63WPM,93.08%,24.843 SECS,"$2,346",716
10/02/24 9:23 AM,1ST / 5,68WPM,95.65%,24.378 SECS,"$2,501",771
10/02/24 9:58 AM,5TH / 5,53WPM,95.16%,28.261 SECS,"$1,866",506
10/02/24 9:58 AM,2ND / 5,60WPM,93.65%,25.388 SECS,"$2,210",580
10/02/24 9:59 AM,1ST / 5,66WPM,97.58%,22.614 SECS,"$2,432",662
10/03/24 7:10 AM,4TH / 5,46WPM,88.06%,35.328 SECS,"$1,962",512
10/03/24 7:11 AM,1ST / 5,58WPM,94.92%,24.456 SECS,"$2,316",596
10/03/24 7:12 AM,1ST / 5,63WPM,97.5%,22.737 SECS,"$2,426",656
10/03/24 7:12 AM,2ND / 5,60WPM,98.26%,22.922 SECS,"$2,310",630
10/03/24 7:13 AM,1ST / 5,72WPM,96.69%,20.28 SECS,"$2,394",649
10/03/24 7:40 AM,5TH / 5,56WPM,89.68%,27.003 SECS,"$1,872",512
10/03/24 7:47 AM,1ST / 5,55WPM,94.83%,25.283 SECS,"$2,310",590
10/03/24 7:50 AM,1ST / 5,55WPM,98.26%,24.986 SECS,"$4,210","2,440"
10/03/24 7:50 AM,4TH / 5,57WPM,90.91%,27.783 SECS,"$1,984",534
10/03/24 7:52 AM,1ST / 5,59WPM,97.46%,23.883 SECS,"$2,468",723
10/03/24 7:53 AM,1ST / 5,62WPM,95.24%,24.506 SECS,"$2,434",714
10/03/24 7:55 AM,1ST / 5,57WPM,94.96%,25.033 SECS,"$2,434",714
10/03/24 8:20 AM,1ST / 5,61WPM,93.28%,23.259 SECS,"$5,652","3,932"
10/03/24 8:21 AM,1ST / 5,67WPM,98.35%,21.834 SECS,"$2,574",804
10/03/24 8:22 AM,1ST / 5,68WPM,94.4%,22.022 SECS,"$2,486",766
10/03/24 8:27 AM,2ND / 5,57WPM,92.31%,27.473 SECS,"$2,364",734
10/03/24 8:32 AM,3RD / 5,60WPM,94.81%,27.095 SECS,"$2,270",730
10/03/24 8:33 AM,3RD / 5,58WPM,96.83%,25.903 SECS,"$2,326",761
10/03/24 8:34 AM,1ST / 5,61WPM,94.78%,26.212 SECS,"$2,512",792
10/03/24 8:35 AM,5TH / 5,53WPM,92.7%,31.012 SECS,"$4,566","3,206"
10/03/24 8:37 AM,2ND / 5,58WPM,92%,26.014 SECS,"$2,416",786
10/03/24 8:39 AM,1ST / 5,59WPM,94.17%,24.47 SECS,"$2,538",818
10/03/24 8:40 AM,1ST / 5,67WPM,99.19%,22.108 SECS,"$2,724",929
10/03/24 8:40 AM,5TH / 5,57WPM,92.86%,26.634 SECS,"$2,104",744
10/03/24 8:41 AM,4TH / 5,57WPM,96%,26.346 SECS,"$2,259",799
10/03/24 8:42 AM,1ST / 5,67WPM,95.8%,21.341 SECS,"$2,619",879
10/03/24 8:43 AM,1ST / 5,80WPM,99.16%,17.959 SECS,"$2,780",965
10/03/24 8:44 AM,4TH / 5,55WPM,97.64%,27.957 SECS,"$2,360",830
10/03/24 8:45 AM,1ST / 5,62WPM,93.97%,22.491 SECS,"$2,624",854
10/03/24 8:45 AM,3RD / 5,59WPM,95.35%,26.16 SECS,"$2,438",858
10/03/24 8:46 AM,2ND / 5,58WPM,91.2%,25.961 SECS,"$2,516",826
10/03/24 8:48 AM,3RD / 5,61WPM,94.85%,26.821 SECS,"$2,422",812
10/03/24 8:50 AM,1ST / 5,64WPM,94.93%,25.861 SECS,"$2,718",908
10/03/24 8:50 AM,3RD / 5,66WPM,94.2%,25.147 SECS,"$2,492",872
10/03/24 8:51 AM,2ND / 5,58WPM,96.85%,26.228 SECS,"$2,606",851
10/03/24 8:52 AM,5TH / 5,52WPM,89.31%,30.363 SECS,"$2,224",754
10/03/24 8:55 AM,5TH / 5,58WPM,92.25%,26.894 SECS,"$2,246",766
10/03/24 9:00 AM,2ND / 5,56WPM,88.7%,24.841 SECS,"$2,582",822
10/03/24 9:05 AM,1ST / 5,63WPM,96.55%,22.103 SECS,"$2,766",881
10/04/24 1:05 PM,5TH / 5,60WPM,88.15%,26.899 SECS,"$1,880",520
10/04/24 1:06 PM,2ND / 5,62WPM,96.09%,24.723 SECS,"$2,239",599
10/04/24 1:07 PM,1ST / 5,73WPM,97.14%,23.123 SECS,"$2,396",651
10/04/24 1:07 PM,3RD / 5,65WPM,96.4%,25.602 SECS,"$2,135",585
10/04/24 1:12 PM,2ND / 5,68WPM,92.65%,24.084 SECS,"$2,226",596
10/04/24 1:13 PM,3RD / 5,69WPM,95.17%,25.324 SECS,"$2,218",678
10/04/24 1:14 PM,5TH / 5,58WPM,95.14%,29.975 SECS,"$1,976",616
10/04/24 1:15 PM,2ND / 5,70WPM,97.93%,24.691 SECS,"$2,430",750
10/04/24 1:16 PM,2ND / 5,68WPM,91.24%,24.051 SECS,"$2,376",746
10/04/24 1:16 PM,3RD / 5,66WPM,92.03%,25.076 SECS,"$2,212",672
10/04/24 1:17 PM,2ND / 5,69WPM,96.4%,24.177 SECS,"$2,413",773
10/04/24 1:18 PM,4TH / 5,62WPM,94.16%,26.524 SECS,"$2,164",714
10/04/24 1:19 PM,3RD / 5,70WPM,94.96%,23.778 SECS,"$2,310",770
10/04/24 1:19 PM,3RD / 5,64WPM,94.37%,26.424 SECS,"$2,288",748
10/04/24 1:20 PM,3RD / 5,72WPM,96.43%,23.246 SECS,"$2,349",799
10/04/24 1:21 PM,4TH / 5,61WPM,91.18%,26.802 SECS,"$2,202",752
10/04/24 1:22 PM,5TH / 5,64WPM,94.52%,27.434 SECS,"$2,058",698
10/04/24 1:23 PM,1ST / 5,73WPM,96.83%,20.683 SECS,"$2,586",841
10/04/24 1:23 PM,4TH / 5,56WPM,93.33%,29.07 SECS,"$2,162",712
10/04/24 1:24 PM,1ST / 5,70WPM,94.07%,23.125 SECS,"$2,550",830
10/04/24 1:24 PM,4TH / 5,66WPM,94.85%,24.672 SECS,"$2,202",752
10/04/24 1:25 PM,1ST / 5,68WPM,96.8%,21.916 SECS,"$2,606",861
10/04/24 1:26 PM,2ND / 5,76WPM,92.52%,23.239 SECS,"$2,482",852
10/04/24 1:26 PM,2ND / 5,70WPM,94.16%,23.612 SECS,"$2,460",830
10/04/24 1:27 PM,1ST / 5,65WPM,97.78%,24.786 SECS,"$2,680",910
10/04/24 1:28 PM,5TH / 5,59WPM,93.43%,27.793 SECS,"$2,138",768
10/04/24 7:22 AM,1ST / 5,58WPM,96.49%,23.508 SECS,"$52,341","1,611"
10/04/24 7:23 AM,2ND / 5,61WPM,96.15%,25.506 SECS,"$2,237",597
10/04/24 7:23 AM,2ND / 5,66WPM,98.35%,21.95 SECS,"$2,322",642
10/04/24 7:24 AM,2ND / 5,63WPM,98.45%,24.633 SECS,"$2,316",636
10/04/24 7:25 AM,2ND / 5,61WPM,89.74%,23.071 SECS,"$2,212",582
10/04/24 7:25 AM,1ST / 5,67WPM,96.95%,23.5 SECS,"$2,384",639
10/04/24 7:27 AM,2ND / 5,61WPM,96.03%,24.762 SECS,"$2,237",597
10/04/24 7:28 AM,3RD / 5,68WPM,94.85%,23.943 SECS,"$2,216",676
10/04/24 7:29 AM,5TH / 5,54WPM,91.54%,29.153 SECS,"$1,968",608
10/04/24 7:30 AM,3RD / 5,67WPM,96.4%,25.005 SECS,"$2,299",749
10/04/24 7:30 AM,2ND / 5,64WPM,97.66%,24.148 SECS,"$2,518",838
10/04/24 7:31 AM,3RD / 5,58WPM,96.88%,26.498 SECS,"$5,516","3,951"
10/04/24 7:32 AM,2ND / 5,63WPM,98.5%,25.391 SECS,"$5,696","4,016"
10/04/24 7:33 AM,2ND / 5,60WPM,91.3%,27.668 SECS,"$2,400",770
10/04/24 7:34 AM,3RD / 5,72WPM,99.27%,22.919 SECS,"$2,484",869
10/04/24 7:34 AM,1ST / 5,69WPM,98.41%,21.984 SECS,"$2,638",868
10/04/24 7:35 AM,5TH / 5,51WPM,88.72%,31.402 SECS,"$2,082",722
10/04/24 7:36 AM,5TH / 5,57WPM,94.81%,28.511 SECS,"$2,104",744
10/04/24 7:37 AM,2ND / 5,62WPM,97.74%,25.837 SECS,"$2,554",874
10/04/24 7:38 AM,2ND / 5,63WPM,89.76%,24.304 SECS,"$2,466",836
10/04/24 7:39 AM,5TH / 5,58WPM,92.7%,28.57 SECS,"$2,136",776
10/04/24 7:40 AM,5TH / 5,57WPM,94.12%,28.395 SECS,"$2,154",794
10/04/24 7:40 AM,2ND / 5,71WPM,95.38%,22.112 SECS,"$2,502",872
10/04/24 7:41 AM,5TH / 5,56WPM,90.77%,27.866 SECS,"$2,162",802
10/04/24 7:42 AM,3RD / 5,59WPM,94.53%,25.963 SECS,"$2,348",808
10/04/24 7:43 AM,1ST / 5,66WPM,96.69%,22.059 SECS,"$2,652",887
10/04/24 7:43 AM,1ST / 5,67WPM,96.8%,22.532 SECS,"$2,644",889
10/04/24 7:44 AM,2ND / 5,61WPM,96.88%,25.186 SECS,"$2,542",857
10/04/24 7:45 AM,2ND / 5,59WPM,94.53%,25.948 SECS,"$2,508",828
10/04/24 7:45 AM,3RD / 5,66WPM,96.09%,23.216 SECS,"$2,477",887
10/04/24 7:46 AM,4TH / 5,58WPM,94.4%,25.99 SECS,"$2,346",836
10/04/24 7:47 AM,4TH / 5,58WPM,95.31%,26.64 SECS,"$2,316",786
10/04/24 7:47 AM,5TH / 5,55WPM,96.85%,27.841 SECS,"$2,240",785
10/04/24 7:48 AM,1ST / 5,75WPM,98.31%,18.914 SECS,"$2,800",930
10/04/24 7:48 AM,1ST / 5,59WPM,93.86%,23.299 SECS,"$2,658",848
10/04/24 7:49 AM,2ND / 5,61WPM,95.93%,24.396 SECS,"$2,597",847
10/04/24 7:50 AM,1ST / 5,70WPM,99.19%,21.006 SECS,"$6,070","4,145"
10/04/24 7:50 AM,3RD / 5,56WPM,96.06%,27.037 SECS,"$2,487",817
10/10/24 11:40 AM,5TH / 5,58WPM,91.11%,27.936 SECS,"$1,876",516
10/10/24 11:41 AM,1ST / 5,76WPM,95.83%,22.775 SECS,"$2,377",647
10/10/24 11:43 AM,5TH / 5,51WPM,92.56%,28.552 SECS,"$1,862",502
10/10/24 11:44 AM,5TH / 5,54WPM,92.14%,30.852 SECS,"$1,868",508
10/10/24 11:44 AM,1ST / 5,65WPM,96.85%,23.556 SECS,"$2,380",635
10/10/24 11:45 AM,2ND / 5,61WPM,93.48%,27.146 SECS,"$2,212",582
10/10/24 11:46 AM,1ST / 5,67WPM,96.3%,24.234 SECS,"$2,359",629
10/10/24 11:46 AM,2ND / 5,64WPM,92.81%,26.151 SECS,"$2,218",588
10/10/24 11:47 AM,1ST / 5,71WPM,100%,22.422 SECS,"$2,592",722
10/10/24 11:49 AM,1ST / 5,64WPM,93.75%,23.816 SECS,"$2,428",708
10/10/24 11:50 AM,1ST / 5,67WPM,97.14%,25.107 SECS,"$2,504",759
10/10/24 11:50 AM,1ST / 5,71WPM,97.81%,23.305 SECS,"$2,552",782
10/10/24 7:46 AM,4TH / 5,64WPM,97.22%,27.032 SECS,"$2,048",573
10/10/24 7:49 AM,4TH / 5,64WPM,96.58%,27.459 SECS,"$2,048",573
10/10/24 7:50 AM,5TH / 5,59WPM,97.2%,29.311 SECS,"$1,928",543
10/10/24 7:52 AM,2ND / 5,66WPM,97.81%,24.936 SECS,"$2,322",642
10/10/24 7:52 AM,4TH / 5,61WPM,93.66%,27.907 SECS,"$1,992",542
10/10/24 7:53 AM,2ND / 5,66WPM,99.3%,25.997 SECS,"$2,372",667
10/10/24 7:54 AM,2ND / 5,65WPM,97.08%,25.134 SECS,"$2,270",615
10/10/24 7:55 AM,2ND / 5,65WPM,96.32%,25.026 SECS,"$2,245",605
10/10/24 8:00 AM,2ND / 5,58WPM,95.31%,26.482 SECS,"$2,206",576
10/10/24 8:02 AM,4TH / 5,51WPM,89.39%,30.84 SECS,"$4,572","3,122"
10/10/24 8:03 AM,1ST / 5,65WPM,96.9%,23.98 SECS,"$2,490",745
10/10/24 8:04 AM,5TH / 5,61WPM,96.3%,26.389 SECS,"$5,227","3,857"
10/10/24 8:05 AM,3RD / 5,59WPM,97.73%,26.931 SECS,"$2,328",738
10/10/24 8:07 AM,1ST / 5,64WPM,94.24%,25.978 SECS,"$2,468",748
10/10/24 8:08 AM,3RD / 5,62WPM,93.85%,25.145 SECS,"$2,264",724
10/10/24 8:08 AM,5TH / 5,55WPM,90.58%,30.221 SECS,"$2,020",660
10/10/24 8:10 AM,1ST / 5,61WPM,92.97%,24.987 SECS,"$2,492",772
10/10/24 8:11 AM,2ND / 5,61WPM,92.97%,25.172 SECS,"$2,392",762
10/10/24 8:12 AM,1ST / 5,64WPM,96.9%,24.089 SECS,"$5,068","3,323"
10/10/24 8:14 AM,2ND / 5,66WPM,97.86%,25.363 SECS,"$2,522",842
10/10/24 8:15 AM,4TH / 5,58WPM,94.53%,26.516 SECS,"$2,196",746
10/10/24 8:21 AM,3RD / 5,62WPM,97.2%,27.51 SECS,"$2,374",809
10/10/24 8:24 AM,3RD / 5,64WPM,98.48%,24.583 SECS,"$2,438",848
10/10/24 8:35 AM,2ND / 5,61WPM,95.24%,24.924 SECS,"$2,452",822
10/10/24 9:06 AM,1ST / 5,62WPM,94.62%,25.359 SECS,"$2,324",604
10/10/24 9:09 AM,4TH / 5,61WPM,95.62%,26.902 SECS,"$2,017",557
10/10/24 9:10 AM,1ST / 5,64WPM,96.24%,25.029 SECS,"$2,353",623
10/10/24 9:20 AM,2ND / 5,65WPM,99.21%,23.363 SECS,"$2,370",665
10/11/24 11:13 PM,4TH / 5,54WPM,86.82%,28.585 SECS,"$1,978",528
10/11/24 2:11 PM,1ST / 5,68WPM,98.28%,20.421 SECS,"$2,436",666
10/11/24 2:12 PM,3RD / 5,65WPM,95.56%,24.933 SECS,"$2,135",585
10/11/24 2:12 PM,2ND / 5,66WPM,95.56%,24.716 SECS,"$2,247",607
10/11/24 2:13 PM,5TH / 5,57WPM,90.55%,26.735 SECS,"$1,874",514
10/11/24 2:14 PM,2ND / 5,70WPM,94.53%,21.948 SECS,"$2,230",600
10/11/24 2:15 PM,5TH / 5,61WPM,92.81%,27.17 SECS,"$1,882",522
10/11/24 2:16 PM,4TH / 5,58WPM,88.19%,26.132 SECS,"$1,986",536
10/11/24 2:17 PM,1ST / 5,64WPM,96.06%,23.685 SECS,"$2,353",623
10/11/24 2:17 PM,1ST / 5,69WPM,97.86%,24.486 SECS,"$2,438",668
10/11/24 2:18 PM,2ND / 5,66WPM,95.68%,25.407 SECS,"$2,347",707
10/11/24 2:19 PM,5TH / 5,55WPM,92.03%,30.228 SECS,"$1,990",630
10/11/24 2:19 PM,4TH / 5,66WPM,96.3%,24.495 SECS,"$2,137",677
10/11/24 2:20 PM,2ND / 5,64WPM,94.62%,24.456 SECS,"$2,348",718
10/11/24 2:21 PM,3RD / 5,68WPM,97.93%,25.767 SECS,"$2,366",776
10/11/24 2:21 PM,2ND / 5,65WPM,94.81%,24.763 SECS,"$2,360",730
10/11/24 2:22 PM,1ST / 5,67WPM,96.72%,21.794 SECS,"$2,554",809
10/11/24 2:22 PM,3RD / 5,63WPM,94.33%,27.07 SECS,"$2,266",726
10/11/24 2:23 PM,4TH / 5,61WPM,92.59%,26.498 SECS,"$2,172",722
10/11/24 2:24 PM,4TH / 5,59WPM,91.18%,27.779 SECS,"$2,188",738
10/11/24 2:24 PM,2ND / 5,61WPM,94.74%,26.045 SECS,"$2,402",772
10/11/24 2:25 PM,4TH / 5,62WPM,93.8%,25.108 SECS,"$2,204",754
10/11/24 2:26 PM,1ST / 5,65WPM,95.31%,23.676 SECS,"$2,560",840
10/11/24 2:26 PM,4TH / 5,60WPM,94.89%,27.489 SECS,"$2,210",760
10/11/24 2:27 PM,4TH / 5,61WPM,94.85%,26.746 SECS,"$2,242",792
10/11/24 2:27 PM,1ST / 5,74WPM,99.24%,21.484 SECS,"$2,738",943
10/11/24 2:28 PM,4TH / 5,61WPM,93.38%,26.792 SECS,"$2,252",792
10/11/24 2:29 PM,2ND / 5,57WPM,90.98%,25.794 SECS,"$2,484",824
10/11/24 2:29 PM,2ND / 5,71WPM,96%,21.083 SECS,"$2,527",867
10/11/24 2:30 PM,4TH / 5,49WPM,85.71%,30.559 SECS,"$2,308",818
10/11/24 2:31 PM,4TH / 5,60WPM,96.09%,25.712 SECS,"$2,325",805
10/11/24 2:31 PM,3RD / 5,65WPM,90.65%,25.771 SECS,"$2,410",820
10/11/24 2:32 PM,2ND / 5,58WPM,91.11%,27.946 SECS,"$2,526",826
10/11/24 2:33 PM,2ND / 5,58WPM,89.43%,25.556 SECS,"$2,546",826
10/11/24 2:33 PM,5TH / 5,62WPM,94.16%,26.506 SECS,"$2,264",824
10/11/24 2:34 PM,1ST / 5,66WPM,96.67%,21.917 SECS,"$2,742",887
10/11/24 2:34 PM,1ST / 5,65WPM,96.88%,23.69 SECS,"$2,730",885
10/11/24 2:35 PM,3RD / 5,61WPM,92.81%,27.181 SECS,"$2,472",812
10/11/24 2:36 PM,3RD / 5,66WPM,95.56%,24.643 SECS,"$2,527",837
10/11/24 2:36 PM,1ST / 5,59WPM,96.06%,25.891 SECS,"$2,723",863
10/11/24 2:37 PM,1ST / 5,78WPM,98.45%,19.924 SECS,"$2,856",936
10/11/24 2:38 PM,4TH / 5,64WPM,91.3%,25.712 SECS,"$2,418",798
10/11/24 2:38 PM,2ND / 5,60WPM,95.24%,25.077 SECS,"$2,620",830
10/11/24 2:39 PM,1ST / 5,59WPM,92.31%,26.285 SECS,"$2,748",848
10/11/24 2:40 PM,2ND / 5,63WPM,95.38%,24.808 SECS,"$2,666",836
10/11/24 2:40 PM,5TH / 5,56WPM,86.03%,29.15 SECS,"$2,312",762
10/11/24 2:41 PM,2ND / 5,73WPM,98.53%,22.383 SECS,"$2,856",931
10/11/24 2:41 PM,1ST / 5,67WPM,94.57%,23.085 SECS,"$2,794",864
10/11/24 2:42 PM,4TH / 5,64WPM,92.7%,25.63 SECS,"$2,478",798
10/11/24 2:43 PM,5TH / 5,62WPM,93.43%,26.672 SECS,"$2,384",774
10/11/24 2:43 PM,2ND / 5,59WPM,92.97%,25.832 SECS,"$2,698",828
10/11/24 2:44 PM,1ST / 5,59WPM,92.25%,26.232 SECS,"$2,828",848
10/11/24 2:45 PM,5TH / 5,57WPM,90.37%,28.316 SECS,"$2,404",764
10/11/24 2:45 PM,1ST / 5,62WPM,92.25%,25.047 SECS,"$2,844",854
10/11/24 2:46 PM,5TH / 5,55WPM,92.03%,30.094 SECS,"$2,410",760
10/11/24 2:47 PM,3RD / 5,63WPM,97.01%,25.522 SECS,"$2,716",841
10/11/24 2:47 PM,3RD / 5,63WPM,93.33%,25.827 SECS,"$2,656",816
10/11/24 2:48 PM,4TH / 5,56WPM,89.39%,28.16 SECS,"$2,552",782
10/11/24 2:49 PM,1ST / 5,66WPM,96.55%,21.151 SECS,"$2,972",887
10/11/24 2:49 PM,4TH / 5,55WPM,89.84%,27.73 SECS,"$2,560",780
10/11/24 2:50 PM,1ST / 5,66WPM,96.61%,21.423 SECS,"$2,982",887
10/11/24 7:22 AM,5TH / 5,60WPM,91.11%,26.975 SECS,"$1,880",520
10/11/24 7:45 AM,5TH / 5,61WPM,94.85%,26.636 SECS,"$1,882",522
10/11/24 7:46 AM,4TH / 5,56WPM,94.03%,28.617 SECS,"$1,982",532
10/11/24 7:47 AM,5TH / 5,58WPM,95.35%,26.815 SECS,"$1,926",566
10/11/24 7:47 AM,1ST / 5,61WPM,96.95%,25.834 SECS,"$2,372",627
10/11/24 7:48 AM,2ND / 5,62WPM,96.8%,24.325 SECS,"$2,314",659
10/11/24 7:49 AM,5TH / 5,51WPM,87.5%,29.904 SECS,"$1,862",502
10/11/24 7:49 AM,5TH / 5,55WPM,92.7%,30.081 SECS,"$1,870",510
10/11/24 7:50 AM,2ND / 5,63WPM,96.85%,24.229 SECS,"$2,266",611
10/11/24 7:51 AM,1ST / 5,67WPM,97.41%,20.668 SECS,"$2,494",749
10/11/24 7:51 AM,2ND / 5,56WPM,97.5%,25.682 SECS,"$2,402",722
10/11/24 7:52 AM,1ST / 5,63WPM,96.55%,22.238 SECS,"$4,996","3,251"
10/11/24 7:53 AM,3RD / 5,63WPM,92.86%,24.047 SECS,"$2,236",696
10/11/24 7:54 AM,1ST / 5,60WPM,92.62%,24.222 SECS,"$4,960","3,240"
10/11/24 7:55 AM,1ST / 5,65WPM,95.93%,22.537 SECS,"$2,565",835
10/11/24 7:55 AM,1ST / 5,67WPM,94.31%,21.97 SECS,"$2,484",764
10/11/24 7:56 AM,4TH / 5,52WPM,92.68%,28.348 SECS,"$2,144",694
10/11/24 7:57 AM,4TH / 5,57WPM,94.44%,26.379 SECS,"$2,164",714
10/11/24 8:00 AM,5TH / 5,58WPM,94.07%,27.985 SECS,"$2,076",716
10/11/24 8:00 AM,1ST / 5,63WPM,93.8%,24.387 SECS,"$2,516",796
10/11/24 8:01 AM,5TH / 5,59WPM,94.7%,26.63 SECS,"$2,088",728
10/11/24 8:08 AM,1ST / 5,61WPM,90.48%,24.836 SECS,"$5,742","4,022"
10/11/24 8:13 AM,1ST / 5,60WPM,90.63%,25.575 SECS,"$2,550",830
10/11/24 8:14 AM,5TH / 5,52WPM,92.8%,28.58 SECS,"$2,114",754
10/11/24 8:14 AM,1ST / 5,67WPM,94.92%,21.147 SECS,"$2,624",904
10/11/24 8:16 AM,1ST / 5,66WPM,95.87%,21.861 SECS,"$2,617",877
10/18/24 7:24 AM,2ND / 5,61WPM,95.73%,23.127 SECS,"$2,237",597
10/18/24 7:25 AM,1ST / 5,64WPM,96.61%,21.998 SECS,"$2,378",633
10/18/24 7:26 AM,1ST / 5,67WPM,95.9%,21.744 SECS,"$2,359",629
10/18/24 7:27 AM,1ST / 5,64WPM,93.08%,24.233 SECS,"$2,328",608
10/18/24 7:27 AM,1ST / 5,59WPM,96%,25.417 SECS,"$2,343",613
10/18/24 7:28 AM,2ND / 5,61WPM,97.66%,25.256 SECS,"$2,312",632
10/18/24 7:29 AM,2ND / 5,61WPM,95.16%,24.578 SECS,"$4,012","2,382"
10/18/24 7:31 AM,2ND / 5,66WPM,98.54%,24.978 SECS,"$2,372",667
10/18/24 7:32 AM,2ND / 5,62WPM,97.01%,26.065 SECS,"$2,264",609
10/18/24 7:34 AM,3RD / 5,62WPM,96.3%,26.061 SECS,"$2,229",679
10/18/24 7:38 AM,5TH / 5,57WPM,94.12%,28.635 SECS,"$1,984",624
10/18/24 7:42 AM,1ST / 5,61WPM,97.58%,24.366 SECS,"$2,542",772
10/18/24 7:44 AM,4TH / 5,59WPM,97.04%,27.418 SECS,"$3,978","2,503"
10/18/24 7:44 AM,4TH / 5,56WPM,97.76%,28.691 SECS,"$2,212",712
10/18/24 7:48 AM,2ND / 5,68WPM,97.08%,24.198 SECS,"$52,426","1,771"
10/18/24 7:55 AM,2ND / 5,65WPM,96.38%,25.632 SECS,"$2,405",765
10/18/24 7:59 AM,5TH / 5,54WPM,94.49%,28.249 SECS,"$2,038",678
10/18/24 8:01 AM,2ND / 5,61WPM,96.03%,24.735 SECS,"$52,417","1,777"
10/18/24 8:02 AM,2ND / 5,67WPM,97.08%,24.485 SECS,"$2,464",809
10/18/24 8:03 AM,2ND / 5,64WPM,100%,23.178 SECS,"$2,678",898
10/18/24 8:03 AM,3RD / 5,62WPM,97.58%,23.852 SECS,"$2,404",814
10/18/24 8:04 AM,5TH / 5,57WPM,93.55%,26.035 SECS,"$2,094",734
10/18/24 8:05 AM,1ST / 5,65WPM,96%,23.048 SECS,"$2,595",865
10/18/24 8:05 AM,1ST / 5,58WPM,97.52%,24.923 SECS,"$5,846","4,076"
10/18/24 8:06 AM,1ST / 5,69WPM,98.5%,23.123 SECS,"$2,688",918
10/22/24 7:10 AM,5TH / 5,56WPM,92%,26.995 SECS,"$1,872",512
10/22/24 7:32 AM,1ST / 5,70WPM,99.21%,21.568 SECS,"$2,490",695
10/22/24 7:32 AM,1ST / 5,71WPM,95.2%,21.139 SECS,"$2,342",622
10/22/24 7:37 AM,4TH / 5,58WPM,93.43%,28.476 SECS,"$1,986",536
10/22/24 7:43 AM,5TH / 5,56WPM,91.11%,28.878 SECS,"$1,872",512
10/22/24 7:44 AM,2ND / 5,58WPM,96.12%,26.915 SECS,"$2,231",591
10/22/24 7:44 AM,1ST / 5,64WPM,97.62%,23.81 SECS,"$2,428",658
10/22/24 7:47 AM,5TH / 5,60WPM,91.85%,27.195 SECS,"$1,880",520
10/22/24 7:48 AM,3RD / 5,64WPM,95.65%,26.024 SECS,"$2,133",583
10/22/24 7:49 AM,5TH / 5,59WPM,95.62%,27.769 SECS,"$2,003",633
10/22/24 7:51 AM,2ND / 5,62WPM,97.81%,26.546 SECS,"$2,434",754
10/22/24 7:51 AM,1ST / 5,69WPM,96.35%,23.829 SECS,"$6,773","5,043"
10/22/24 7:55 AM,4TH / 5,61WPM,93.13%,25.734 SECS,"$2,122",672
10/22/24 7:56 AM,4TH / 5,58WPM,96.85%,26.303 SECS,"$2,176",701
10/22/24 7:57 AM,1ST / 5,58WPM,94.53%,26.257 SECS,"$2,466",746
10/22/24 7:58 AM,5TH / 5,58WPM,97.67%,26.899 SECS,"$2,136",726
10/22/24 8:04 AM,1ST / 5,61WPM,93.7%,25.153 SECS,"$2,492",772
10/22/24 8:05 AM,5TH / 5,55WPM,92.48%,28.904 SECS,"$4,550","3,190"
10/23/24 7:51 AM,3RD / 5,57WPM,90.7%,27.156 SECS,"$2,094",554
10/23/24 7:53 AM,2ND / 5,60WPM,93.6%,25.122 SECS,"$2,210",580
10/23/24 7:55 AM,2ND / 5,54WPM,96.75%,27.285 SECS,"$2,248",593
10/23/24 7:56 AM,1ST / 5,61WPM,97.41%,22.782 SECS,"$2,372",627
10/23/24 7:59 AM,2ND / 5,54WPM,92.86%,24.825 SECS,"$2,198",568
10/24/24 7:40 AM,1ST / 5,71WPM,96.4%,18.785 SECS,"$2,367",637
10/24/24 7:41 AM,1ST / 5,63WPM,92.8%,23.989 SECS,"$2,326",606
10/24/24 7:42 AM,1ST / 5,73WPM,99.16%,19.526 SECS,"$2,496",701
10/24/24 7:44 AM,2ND / 5,54WPM,94.4%,27.55 SECS,"$2,198",568
10/24/24 7:45 AM,1ST / 5,64WPM,92.8%,23.528 SECS,"$2,328",608
10/24/24 7:52 AM,2ND / 5,60WPM,97.69%,26.082 SECS,"$2,310",630
10/24/24 7:52 AM,2ND / 5,72WPM,97.06%,22.631 SECS,"$2,284",629
10/24/24 7:54 AM,1ST / 5,69WPM,98.45%,22.341 SECS,"$4,238","2,468"
10/24/24 7:56 AM,5TH / 5,62WPM,96.43%,26.897 SECS,"$1,909",539
10/24/24 8:03 AM,1ST / 5,66WPM,95.87%,22.038 SECS,"$4,257","2,527"
10/24/24 8:04 AM,5TH / 5,51WPM,90.78%,32.931 SECS,"$1,972",612
10/24/24 8:06 AM,4TH / 5,58WPM,91.97%,28.334 SECS,"$2,156",706
10/24/24 8:07 AM,5TH / 5,56WPM,94.4%,27 SECS,"$2,002",642
10/24/24 8:09 AM,5TH / 5,53WPM,91.47%,29.119 SECS,"$2,006",646
10/24/24 8:10 AM,3RD / 5,61WPM,97.78%,26.534 SECS,"$2,352",762
10/24/24 8:11 AM,3RD / 5,60WPM,96.12%,25.783 SECS,"$2,285",735
10/24/24 8:12 AM,1ST / 5,59WPM,94.69%,22.978 SECS,"$2,488",768
10/24/24 8:13 AM,2ND / 5,61WPM,94.83%,22.958 SECS,"$2,392",762
10/24/24 8:14 AM,5TH / 5,53WPM,94.4%,28.465 SECS,"$2,056",696
10/24/24 8:17 AM,1ST / 5,65WPM,96.8%,23.08 SECS,"$2,590",845
10/24/24 8:17 AM,1ST / 5,64WPM,96.88%,24.044 SECS,"$2,578",833
10/24/24 8:20 AM,5TH / 5,55WPM,92.13%,27.518 SECS,"$5,290","3,930"
10/25/24 7:25 AM,4TH / 5,55WPM,91.2%,27.137 SECS,"$1,980",530
11/01/24 1:24 PM,2ND / 5,61WPM,92.86%,24.751 SECS,"$2,212",582
11/01/24 1:37 PM,3RD / 5,63WPM,95.2%,23.789 SECS,"$2,106",566
11/01/24 1:38 PM,2ND / 5,59WPM,98.37%,25.177 SECS,"$2,358",678
11/01/24 1:39 PM,1ST / 5,67WPM,95.49%,23.952 SECS,"$2,334",614
11/01/24 1:40 PM,4TH / 5,58WPM,96.3%,27.728 SECS,"$2,011",551
11/01/24 1:41 PM,4TH / 5,67WPM,92.97%,22.99 SECS,"$2,004",554
11/01/24 1:42 PM,2ND / 5,62WPM,97.6%,24.067 SECS,"$2,314",634
11/01/24 1:42 PM,2ND / 5,74WPM,97.67%,20.888 SECS,"$2,338",658
11/01/24 1:43 PM,4TH / 5,62WPM,96.92%,25.141 SECS,"$2,044",569
11/01/24 1:44 PM,1ST / 5,64WPM,95.49%,25.014 SECS,"$2,438",718
11/01/24 1:44 PM,3RD / 5,59WPM,91.47%,26.197 SECS,"$2,248",708
11/01/24 1:45 PM,1ST / 5,69WPM,99.19%,21.537 SECS,"$5,808","4,013"
11/01/24 1:46 PM,1ST / 5,76WPM,97.16%,22.231 SECS,"$2,532",787
11/01/24 1:47 PM,2ND / 5,61WPM,93.89%,25.918 SECS,"$2,362",732
11/01/24 1:47 PM,4TH / 5,58WPM,92.59%,27.911 SECS,"$2,126",676
11/01/24 2:47 PM,3RD / 5,58WPM,89.63%,27.855 SECS,"$2,096",556
11/01/24 2:48 PM,1ST / 5,69WPM,95.16%,21.532 SECS,"$2,338",618
11/01/24 2:49 PM,1ST / 5,72WPM,98.4%,20.794 SECS,"$2,444",674
11/01/24 2:50 PM,4TH / 5,58WPM,94.16%,28.191 SECS,"$1,986",536
11/01/24 2:51 PM,3RD / 5,67WPM,96.83%,22.579 SECS,"$2,164",599
11/01/24 8:24 AM,1ST / 5,70WPM,96.85%,21.84 SECS,"$2,390",645
11/01/24 8:25 AM,1ST / 5,68WPM,96.97%,23.131 SECS,"$2,386",641
11/01/24 8:26 AM,2ND / 5,62WPM,92.97%,24.88 SECS,"$2,214",584
11/01/24 8:27 AM,1ST / 5,63WPM,99.21%,24.068 SECS,"$4,276","2,481"
11/01/24 8:29 AM,1ST / 5,69WPM,98.52%,23.623 SECS,"$52,488","1,693"
11/01/24 8:31 AM,1ST / 5,70WPM,96.88%,22.027 SECS,"$2,390",645
11/01/24 8:32 AM,5TH / 5,56WPM,90.91%,28.442 SECS,"$1,872",512
11/01/24 8:33 AM,5TH / 5,60WPM,96.43%,27.799 SECS,"$1,905",535
11/01/24 8:35 AM,1ST / 5,71WPM,97.66%,21.666 SECS,"$2,542",772
11/01/24 8:35 AM,5TH / 5,57WPM,95.21%,30.845 SECS,"$1,874",514
11/01/24 8:36 AM,2ND / 5,66WPM,99.22%,23.384 SECS,"$2,482",777
11/01/24 8:37 AM,2ND / 5,65WPM,94.93%,25.567 SECS,"$2,350",720
11/01/24 8:37 AM,1ST / 5,69WPM,97.78%,23.497 SECS,"$5,058","3,288"
11/01/24 8:38 AM,4TH / 5,56WPM,96.85%,27.254 SECS,"$2,172",697
11/04/24 12:07 PM,1ST / 5,70WPM,97.12%,23.825 SECS,"$2,390",645
11/04/24 12:07 PM,1ST / 5,67WPM,97.69%,23.224 SECS,"$2,434",664
11/04/24 8:32 AM,4TH / 5,62WPM,93.53%,26.694 SECS,"$1,994",544
11/04/24 8:32 AM,5TH / 5,61WPM,91.91%,26.6 SECS,"$1,882",522
11/04/24 8:40 AM,1ST / 5,71WPM,97.1%,23.461 SECS,"$2,392",647
11/04/24 8:41 AM,1ST / 5,74WPM,97.69%,21.147 SECS,"$2,448",678
11/04/24 8:42 AM,2ND / 5,66WPM,97.62%,22.911 SECS,"$2,322",642
11/04/24 8:43 AM,3RD / 5,62WPM,94.07%,26.039 SECS,"$2,104",564
11/04/24 8:46 AM,5TH / 5,61WPM,91.91%,26.731 SECS,"$1,882",522
11/04/24 8:47 AM,2ND / 5,66WPM,98.56%,25.26 SECS,"$2,372",667
11/04/24 8:48 AM,3RD / 5,56WPM,95.38%,27.739 SECS,"$4,692","3,152"
11/04/24 8:48 AM,5TH / 5,51WPM,88.89%,31.884 SECS,"$1,862",502
11/04/24 8:51 AM,2ND / 5,74WPM,95.71%,22.742 SECS,"$2,423",783
11/04/24 8:52 AM,2ND / 5,63WPM,96%,23.855 SECS,"$2,361",721
11/04/24 8:54 AM,2ND / 5,69WPM,96.32%,23.531 SECS,"$2,393",753
11/04/24 8:54 AM,2ND / 5,66WPM,97.12%,25.391 SECS,"$2,402",747
11/04/24 8:55 AM,5TH / 5,56WPM,91.27%,26.809 SECS,"$2,022",662
11/04/24 8:56 AM,1ST / 5,65WPM,98.41%,23.173 SECS,"$5,090","3,320"
11/04/24 8:57 AM,2ND / 5,65WPM,95.56%,25.087 SECS,"$52,465","1,825"
11/04/24 9:09 AM,3RD / 5,57WPM,94.53%,27.045 SECS,"$2,274",734
11/04/24 9:10 AM,2ND / 5,62WPM,95.52%,26.113 SECS,"$2,439",799
11/04/24 9:10 AM,3RD / 5,57WPM,93.7%,26.913 SECS,"$2,284",744
11/04/24 9:11 AM,1ST / 5,71WPM,97.74%,22.342 SECS,"$2,652",882
11/04/24 9:12 AM,1ST / 5,69WPM,97.6%,21.648 SECS,"$2,658",888
11/04/24 9:13 AM,1ST / 5,66WPM,95.35%,23.518 SECS,"$2,562",842
11/04/24 9:17 AM,1ST / 5,58WPM,96.83%,26.184 SECS,"$2,606",861
11/04/24 9:20 AM,5TH / 5,60WPM,98.53%,27.302 SECS,"$5,480","4,045"
11/05/24 10:47 AM,5TH / 5,59WPM,87.41%,27.365 SECS,"$1,878",518
11/05/24 10:51 AM,1ST / 5,65WPM,96.15%,24.054 SECS,"$2,355",625
11/05/24 9:31 AM,1ST / 5,65WPM,98.4%,23.079 SECS,"$2,430",660
11/05/24 9:32 AM,3RD / 5,63WPM,96.97%,25.22 SECS,"$2,156",591
11/05/24 9:33 AM,5TH / 5,57WPM,95.3%,31.515 SECS,"$1,874",514
11/05/24 9:33 AM,2ND / 5,63WPM,97.58%,23.571 SECS,"$52,316","1,636"
11/05/24 9:34 AM,5TH / 5,52WPM,89.68%,29.336 SECS,"$1,864",504
11/05/24 9:36 AM,4TH / 5,59WPM,93.7%,25.784 SECS,"$1,988",538
11/05/24 9:38 AM,1ST / 5,61WPM,96.88%,25.109 SECS,"$2,372",627
11/05/24 9:39 AM,1ST / 5,63WPM,95.42%,24.896 SECS,"$2,326",606
11/05/24 9:46 AM,1ST / 5,72WPM,98.53%,22.515 SECS,"$6,794","4,999"
11/05/24 9:47 AM,1ST / 5,63WPM,96.09%,24.205 SECS,"$2,451",721
11/05/24 9:48 AM,1ST / 5,63WPM,94.49%,24.142 SECS,"$2,436",716
11/05/24 9:49 AM,2ND / 5,60WPM,95.2%,24.843 SECS,"$2,330",700
11/05/24 9:50 AM,1ST / 5,66WPM,95.52%,24.337 SECS,"$2,487",757
11/05/24 9:51 AM,5TH / 5,55WPM,90.51%,29.655 SECS,"$5,210","3,850"
11/06/24 1:52 PM,1ST / 5,64WPM,96.03%,23.579 SECS,"$2,353",623
11/06/24 10:02 AM,5TH / 5,56WPM,87.23%,30.128 SECS,"$1,872",512
11/06/24 10:03 AM,1ST / 5,65WPM,96.03%,23.232 SECS,"$5,555","3,825"
11/06/24 8:38 AM,1ST / 5,78WPM,98.43%,19.537 SECS,"$2,456",686
11/06/24 8:38 AM,2ND / 5,62WPM,95.31%,24.605 SECS,"$2,214",584
11/06/24 8:39 AM,1ST / 5,69WPM,98.52%,23.62 SECS,"$2,488",693
11/06/24 8:40 AM,4TH / 5,62WPM,95.07%,27.492 SECS,"$1,994",544
11/06/24 8:41 AM,1ST / 5,61WPM,94.44%,24.71 SECS,"$52,322","1,602"
11/06/24 8:41 AM,5TH / 5,51WPM,88.89%,31.8 SECS,"$1,862",502
11/06/24 8:42 AM,2ND / 5,65WPM,97.66%,23.758 SECS,"$2,320",640
11/06/24 8:43 AM,1ST / 5,62WPM,91.18%,26.384 SECS,"$2,324",604
11/06/24 8:44 AM,4TH / 5,53WPM,89.93%,31.239 SECS,"$3,776","2,326"
11/06/24 9:45 AM,1ST / 5,61WPM,94.78%,26.194 SECS,"$4,822","3,102"
11/06/24 9:51 AM,1ST / 5,73WPM,96.38%,22.654 SECS,"$2,371",641
11/06/24 9:56 AM,1ST / 5,73WPM,95.28%,20.787 SECS,"$2,346",626
11/07/24 7:39 AM,1ST / 5,67WPM,97.6%,22.235 SECS,"$2,434",664
11/07/24 7:40 AM,2ND / 5,69WPM,93.43%,23.718 SECS,"$2,228",598
11/07/24 7:40 AM,1ST / 5,70WPM,100%,22.712 SECS,"$2,590",720
11/07/24 7:41 AM,2ND / 5,64WPM,96.9%,24.199 SECS,"$2,268",613
11/07/24 7:42 AM,5TH / 5,61WPM,93.28%,26.429 SECS,"$1,882",522
11/07/24 7:43 AM,3RD / 5,60WPM,95.17%,28.912 SECS,"$2,100",560
11/07/24 7:44 AM,3RD / 5,63WPM,95.56%,25.64 SECS,"$2,131",581
11/07/24 7:44 AM,5TH / 5,62WPM,99.28%,26.503 SECS,"$3,834","2,399"
11/07/24 7:45 AM,1ST / 5,69WPM,97.6%,21.662 SECS,"$2,438",668
11/07/24 7:46 AM,1ST / 5,63WPM,98.37%,23.458 SECS,"$7,526","5,756"
11/08/24 7:21 AM,1ST / 5,72WPM,96.24%,22.321 SECS,"$2,369",639
11/08/24 7:57 AM,4TH / 5,60WPM,93.08%,25.824 SECS,"$1,990",540
11/08/24 7:59 AM,2ND / 5,65WPM,96.24%,24.461 SECS,"$2,245",605
11/08/24 8:01 AM,1ST / 5,63WPM,94.4%,23.66 SECS,"$2,326",606
11/08/24 8:02 AM,3RD / 5,61WPM,95.28%,24.984 SECS,"$2,102",562
11/08/24 8:08 AM,2ND / 5,65WPM,93.02%,23.898 SECS,"$2,220",590
11/08/24 8:10 AM,1ST / 5,68WPM,97.83%,24.319 SECS,"$4,236","2,466"
11/08/24 8:10 AM,1ST / 5,65WPM,96.88%,23.646 SECS,"$2,380",635
11/08/24 8:11 AM,1ST / 5,68WPM,96.83%,22.147 SECS,"$2,386",641
11/08/24 8:12 AM,4TH / 5,62WPM,95.04%,27.133 SECS,"$2,094",644
11/08/24 8:12 AM,3RD / 5,63WPM,95.59%,25.955 SECS,"$2,131",581
11/08/24 8:13 AM,3RD / 5,62WPM,93.33%,26.145 SECS,"$2,214",674
11/08/24 8:14 AM,5TH / 5,56WPM,92.91%,27.415 SECS,"$5,202","3,842"
11/08/24 8:14 AM,4TH / 5,60WPM,94.26%,24.552 SECS,"$2,110",660
11/08/24 8:16 AM,1ST / 5,73WPM,96.06%,21.006 SECS,"$5,021","3,291"
11/08/24 8:16 AM,2ND / 5,74WPM,98.47%,21.372 SECS,"$2,478",798
11/14/24 2:34 PM,3RD / 5,69WPM,96.18%,22.8 SECS,"$2,143",593
11/14/24 2:35 PM,4TH / 5,58WPM,95.1%,29.483 SECS,"$1,986",536
11/14/24 2:35 PM,5TH / 5,66WPM,95.92%,26.857 SECS,"$1,917",547
11/14/24 2:36 PM,2ND / 5,65WPM,95%,22.02 SECS,"$52,220","1,590"
11/14/24 2:37 PM,1ST / 5,63WPM,94.49%,24.03 SECS,"$2,326",606
11/14/24 2:37 PM,4TH / 5,65WPM,95.59%,24.92 SECS,"$2,025",565
11/14/24 2:38 PM,1ST / 5,68WPM,97.62%,22.345 SECS,"$2,436",666
11/14/24 2:39 PM,3RD / 5,61WPM,94.53%,25.351 SECS,"$2,102",562
11/14/24 2:39 PM,4TH / 5,56WPM,90%,30.125 SECS,"$1,982",532
11/14/24 2:41 PM,5TH / 5,52WPM,93.13%,30.237 SECS,"$1,964",604
11/14/24 2:42 PM,4TH / 5,56WPM,96.83%,26.817 SECS,"$2,142",667
11/14/24 2:43 PM,1ST / 5,67WPM,97.48%,21.381 SECS,"$2,514",769
11/14/24 2:43 PM,2ND / 5,62WPM,97.74%,25.836 SECS,"$2,434",754
11/14/24 2:44 PM,4TH / 5,67WPM,95.56%,24.352 SECS,"$2,169",709
11/14/24 2:45 PM,2ND / 5,70WPM,97.06%,23.28 SECS,"$2,440",785
11/14/24 2:45 PM,3RD / 5,60WPM,92.25%,25.822 SECS,"$8,650","7,110"
11/14/24 2:46 PM,3RD / 5,61WPM,97.66%,25.035 SECS,"$5,572","3,982"
11/15/24 7:36 AM,5TH / 5,50WPM,90.98%,31.668 SECS,"$1,860",500
11/15/24 7:37 AM,3RD / 5,60WPM,97.76%,27.009 SECS,"$2,200",610
11/15/24 7:38 AM,2ND / 5,66WPM,97.64%,22.933 SECS,"$2,322",642
11/15/24 7:38 AM,4TH / 5,50WPM,97.39%,27.632 SECS,"$2,020",545
11/15/24 7:39 AM,5TH / 5,59WPM,97.01%,27.066 SECS,"$1,928",543
11/15/24 7:40 AM,3RD / 5,69WPM,98.53%,23.769 SECS,"$54,068","3,453"
11/15/24 7:40 AM,3RD / 5,58WPM,95.61%,23.478 SECS,"$2,171",621
11/15/24 7:47 AM,5TH / 5,53WPM,88.19%,28.76 SECS,"$1,866",506
11/15/24 7:48 AM,3RD / 5,54WPM,94.78%,25.731 SECS,"$2,088",548
11/15/24 7:51 AM,3RD / 5,57WPM,95.24%,26.587 SECS,"$4,694","3,154"
11/15/24 7:53 AM,4TH / 5,57WPM,96.88%,26.826 SECS,"$2,144",669
11/15/24 7:54 AM,2ND / 5,58WPM,95.83%,24.894 SECS,"$2,351",711
11/15/24 7:56 AM,5TH / 5,49WPM,92.19%,31.421 SECS,"$1,988",628
11/15/24 7:57 AM,4TH / 5,57WPM,98.21%,23.402 SECS,"$2,224",724
11/15/24 7:58 AM,5TH / 5,49WPM,92.98%,27.78 SECS,"$2,008",648
11/15/24 7:59 AM,3RD / 5,50WPM,92.74%,29.599 SECS,"$2,240",700
11/15/24 8:00 AM,1ST / 5,52WPM,99.06%,24.698 SECS,"$5,134","3,339"
11/15/24 8:00 AM,3RD / 5,55WPM,96.92%,28.252 SECS,"$2,310",745
11/18/24 7:50 AM,4TH / 5,48WPM,88.89%,29.239 SECS,"$1,966",516
11/18/24 8:07 AM,1ST / 5,71WPM,98.21%,18.929 SECS,"$2,442",672
11/18/24 8:12 AM,1ST / 5,66WPM,93.14%,18.662 SECS,"$2,332",612
11/18/24 8:13 AM,1ST / 5,60WPM,95.37%,21.437 SECS,"$2,320",600
11/18/24 8:15 AM,1ST / 5,57WPM,92.66%,23.03 SECS,"$2,314",594
11/18/24 8:17 AM,2ND / 5,60WPM,95.45%,26.239 SECS,"$2,210",580
11/18/24 8:22 AM,1ST / 5,63WPM,95.2%,23.668 SECS,"$2,326",606
11/18/24 8:25 AM,5TH / 5,53WPM,90.08%,27.576 SECS,"$1,866",506
11/18/24 9:10 AM,1ST / 5,63WPM,94.12%,22.813 SECS,"$2,326",606
11/18/24 9:11 AM,3RD / 5,58WPM,95.28%,26.376 SECS,"$4,596","3,056"
11/18/24 9:11 AM,2ND / 5,57WPM,93.39%,25.69 SECS,"$7,904","6,274"
11/20/24 1:41 PM,1ST / 5,60WPM,95.28%,25.312 SECS,"$2,320",600
11/20/24 7:22 AM,2ND / 5,62WPM,95.58%,21.956 SECS,"$2,239",599
11/20/24 7:24 AM,1ST / 5,70WPM,98.35%,20.774 SECS,"$2,440",670
11/20/24 7:29 AM,4TH / 5,64WPM,93.7%,23.788 SECS,"$1,998",548
11/20/24 7:34 AM,3RD / 5,53WPM,93.97%,26.023 SECS,"$2,086",546
11/20/24 7:35 AM,5TH / 5,56WPM,93.55%,26.788 SECS,"$1,872",512
11/20/24 7:44 AM,4TH / 5,64WPM,95.28%,23.949 SECS,"$1,998",548
11/20/24 8:03 AM,1ST / 5,59WPM,94.21%,24.601 SECS,"$54,118","3,398"
11/20/24 8:08 AM,3RD / 5,65WPM,96.77%,22.927 SECS,"$2,160",595
11/20/24 8:12 AM,4TH / 5,59WPM,97.64%,25.961 SECS,"$2,088",588
11/20/24 8:13 AM,5TH / 5,53WPM,92.59%,30.332 SECS,"$4,466","3,106"
11/20/24 8:14 AM,5TH / 5,53WPM,90.63%,28.824 SECS,"$1,976",616
11/20/24 8:15 AM,2ND / 5,61WPM,94.17%,23.561 SECS,"$2,332",702
11/20/24 8:16 AM,4TH / 5,60WPM,91.27%,25.187 SECS,"$2,120",670
11/20/24 8:17 AM,3RD / 5,57WPM,96.61%,24.809 SECS,"$4,784","3,219"
11/20/24 8:22 AM,5TH / 5,54WPM,94.12%,26.227 SECS,"$2,018",658
11/26/24 8:51 AM,1ST / 5,65WPM,98.26%,21.297 SECS,"$2,430",660
11/26/24 8:51 AM,1ST / 5,59WPM,95.2%,25.367 SECS,"$2,318",598
11/26/24 8:52 AM,2ND / 5,61WPM,98.41%,24.607 SECS,"$2,312",632
11/26/24 8:52 AM,2ND / 5,68WPM,96.77%,21.852 SECS,"$2,276",621
11/26/24 8:53 AM,3RD / 5,65WPM,95.04%,26.174 SECS,"$2,110",570
11/26/24 8:54 AM,1ST / 5,64WPM,97.04%,25.183 SECS,"$2,378",633
11/26/24 8:55 AM,5TH / 5,57WPM,93.38%,28.504 SECS,"$3,674","2,314"
11/26/24 8:58 AM,1ST / 5,69WPM,96.3%,23.5 SECS,"$4,163","2,433"
11/26/24 8:59 AM,1ST / 5,63WPM,96.95%,25.145 SECS,"$2,376",631
11/26/24 9:00 AM,5TH / 5,56WPM,94.07%,29.164 SECS,"$1,972",612
11/26/24 9:01 AM,5TH / 5,52WPM,89.86%,31.683 SECS,"$1,974",614
11/26/24 9:02 AM,5TH / 5,51WPM,91.54%,30.725 SECS,"$1,982",622
11/26/24 9:07 AM,1ST / 5,60WPM,99.14%,23.06 SECS,"$2,600",805
11/26/24 9:08 AM,2ND / 5,65WPM,99.12%,21.08 SECS,"$2,560",855
11/26/24 9:09 AM,5TH / 5,53WPM,95.56%,30.403 SECS,"$2,041",671
11/26/24 9:10 AM,2ND / 5,66WPM,96.06%,23.248 SECS,"$2,457",817
11/26/24 9:11 AM,2ND / 5,59WPM,95.31%,25.953 SECS,"$2,388",758
11/26/24 9:11 AM,1ST / 5,59WPM,98.25%,23.113 SECS,"$2,588",818
11/26/24 9:12 AM,3RD / 5,58WPM,96.85%,26.188 SECS,"$2,336",771
11/26/24 9:13 AM,1ST / 5,61WPM,93.6%,24.525 SECS,"$2,522",802
11/26/24 9:15 AM,4TH / 5,57WPM,92.74%,26.084 SECS,"$2,244",794
11/26/24 9:16 AM,2ND / 5,60WPM,92.92%,22.616 SECS,"$2,490",860
11/26/24 9:16 AM,3RD / 5,61WPM,95.31%,25.313 SECS,"$2,322",782
11/26/24 9:17 AM,2ND / 5,62WPM,97.66%,24.733 SECS,"$2,554",874
11/26/24 9:18 AM,1ST / 5,57WPM,94.78%,24.091 SECS,"$2,614",894
11/26/24 9:19 AM,5TH / 5,56WPM,92.54%,28.56 SECS,"$2,182",812
11/26/24 9:20 AM,5TH / 5,58WPM,96.69%,24.907 SECS,"$2,246",841
11/26/24 9:21 AM,4TH / 5,53WPM,89.66%,26.297 SECS,"$2,306",826
11/26/24 9:23 AM,5TH / 5,51WPM,95.31%,30.023 SECS,"$2,202",802
11/26/24 9:24 AM,2ND / 5,54WPM,98.31%,26.111 SECS,"$5,848","4,118"
11/28/24 7:35 AM,1ST / 5,57WPM,99.16%,25.078 SECS,"$2,464",669
11/28/24 7:35 AM,5TH / 5,48WPM,93.6%,31.465 SECS,"$1,856",496
11/28/24 7:59 AM,2ND / 5,58WPM,96.61%,24.526 SECS,"$2,256",601
11/28/24 8:00 AM,3RD / 5,67WPM,96.85%,22.601 SECS,"$2,164",599
11/28/24 8:01 AM,3RD / 5,51WPM,97.44%,27.727 SECS,"$2,132",567
11/28/24 8:03 AM,3RD / 5,52WPM,93.04%,26.794 SECS,"$2,084",544
11/28/24 8:03 AM,1ST / 5,78WPM,99.17%,18.454 SECS,"$2,506",711
11/28/24 8:06 AM,4TH / 5,54WPM,92.06%,27.831 SECS,"$2,028",578
11/28/24 8:07 AM,2ND / 5,64WPM,93.75%,23.972 SECS,"$52,218","1,588"
11/28/24 8:09 AM,3RD / 5,57WPM,92.98%,24.116 SECS,"$52,194","1,654"
11/28/24 8:10 AM,2ND / 5,60WPM,97.48%,23.903 SECS,"$2,370",715
11/28/24 8:11 AM,1ST / 5,62WPM,94.69%,21.913 SECS,"$2,444",724
11/28/24 8:12 AM,1ST / 5,71WPM,99.16%,20.08 SECS,"$6,932","5,137"
11/28/24 8:12 AM,4TH / 5,58WPM,93.28%,24.824 SECS,"$4,616","3,166"
11/28/24 8:15 AM,1ST / 5,67WPM,98.33%,21.353 SECS,"$2,584",814
11/28/24 8:18 AM,5TH / 5,53WPM,93.13%,29.452 SECS,"$2,026",666
11/28/24 8:19 AM,2ND / 5,62WPM,97.48%,22.864 SECS,"$2,434",779
11/28/24 8:22 AM,5TH / 5,56WPM,93.65%,27.024 SECS,"$2,052",692
11/28/24 8:23 AM,4TH / 5,54WPM,93.8%,28.89 SECS,"$2,168",718
11/28/24 8:25 AM,1ST / 5,61WPM,97.5%,23.572 SECS,"$2,622",852
11/28/24 8:26 AM,2ND / 5,58WPM,92.92%,23.221 SECS,"$2,416",786
11/29/24 12:10 PM,1ST / 5,57WPM,95.61%,24.117 SECS,"$2,339",609
11/29/24 12:11 PM,2ND / 5,63WPM,96.55%,22.029 SECS,"$2,266",611
11/29/24 12:15 PM,1ST / 5,68WPM,97.44%,20.756 SECS,"$2,386",641
11/29/24 12:16 PM,1ST / 5,75WPM,99.1%,17.771 SECS,"$2,500",705
11/29/24 12:16 PM,3RD / 5,55WPM,95.76%,25.818 SECS,"$2,115",565
11/29/24 12:17 PM,2ND / 5,60WPM,93.81%,22.722 SECS,"$2,210",580
11/29/24 12:18 PM,1ST / 5,69WPM,96.06%,22.11 SECS,"$8,063","6,333"
11/29/24 12:18 PM,1ST / 5,60WPM,96.58%,23.589 SECS,"$2,370",625
11/29/24 12:19 PM,4TH / 5,62WPM,94.85%,26.189 SECS,"$1,994",544
11/29/24 12:20 PM,3RD / 5,64WPM,96.24%,25.016 SECS,"$2,243",693
11/29/24 12:20 PM,1ST / 5,69WPM,97.6%,21.836 SECS,"$2,538",768
11/29/24 12:21 PM,1ST / 5,60WPM,96.18%,26.144 SECS,"$2,465",735
11/29/24 12:22 PM,5TH / 5,61WPM,96.35%,27.103 SECS,"$5,237","3,867"
12/03/24 8:39 AM,4TH / 5,60WPM,91.97%,27.441 SECS,"$1,990",540
12/03/24 8:40 AM,5TH / 5,53WPM,95.24%,28.785 SECS,"$1,866",506
12/03/24 8:41 AM,5TH / 5,55WPM,94.78%,29.199 SECS,"$1,870",510
12/03/24 9:22 AM,4TH / 5,61WPM,96.9%,25.248 SECS,"$2,042",567
12/03/24 9:22 AM,2ND / 5,62WPM,92.91%,24.575 SECS,"$2,214",584
12/03/24 9:23 AM,5TH / 5,53WPM,95.31%,28.814 SECS,"$1,866",506
12/03/24 9:24 AM,1ST / 5,56WPM,92.5%,25.519 SECS,"$2,312",592
12/03/24 9:25 AM,1ST / 5,58WPM,99.11%,23.058 SECS,"$2,466",671
12/03/24 9:25 AM,1ST / 5,64WPM,95.16%,23.349 SECS,"$2,328",608
12/03/24 9:26 AM,1ST / 5,66WPM,97.37%,20.78 SECS,"$2,382",637
12/03/24 9:27 AM,1ST / 5,57WPM,95%,25.164 SECS,"$2,314",594
12/03/24 9:28 AM,1ST / 5,62WPM,98.28%,22.622 SECS,"$2,424",654
12/03/24 9:29 AM,1ST / 5,63WPM,99.18%,23.169 SECS,"$5,776","3,981"
12/03/24 9:44 AM,5TH / 5,61WPM,96.55%,28.653 SECS,"$2,052",667
12/03/24 9:44 AM,5TH / 5,60WPM,98.5%,26.797 SECS,"$5,290","3,880"
12/03/24 9:45 AM,1ST / 5,61WPM,97.35%,22.117 SECS,"$52,502","1,757"
12/03/24 9:46 AM,3RD / 5,58WPM,94.03%,27.509 SECS,"$2,236",696
12/03/24 9:48 AM,4TH / 5,55WPM,96.83%,27.314 SECS,"$2,180",705
12/03/24 9:49 AM,5TH / 5,56WPM,99.21%,27.181 SECS,"$2,182",747
12/03/24 9:52 AM,1ST / 5,58WPM,95.12%,25.611 SECS,"$2,496",776
12/03/24 9:52 AM,1ST / 5,60WPM,96.15%,25.952 SECS,"$2,515",785
12/03/24 9:53 AM,5TH / 5,51WPM,92.5%,28.316 SECS,"$2,052",692
12/03/24 9:54 AM,5TH / 5,53WPM,96.83%,28.691 SECS,"$2,116",731
12/03/24 9:55 AM,4TH / 5,54WPM,98.46%,28.835 SECS,"$2,298",798
12/03/24 9:55 AM,3RD / 5,54WPM,95.8%,26.487 SECS,"$2,323",773
12/03/24 9:56 AM,5TH / 5,50WPM,92.54%,32.007 SECS,"$2,090",730
12/03/24 9:57 AM,3RD / 5,50WPM,94.39%,25.602 SECS,"$2,330",790
12/03/24 9:57 AM,4TH / 5,53WPM,90.68%,26.966 SECS,"$2,216",766
12/03/24 9:58 AM,2ND / 5,53WPM,99.09%,24.859 SECS,"$5,806","4,091"
12/04/24 7:25 AM,2ND / 5,58WPM,99.08%,22.442 SECS,"$2,356",651
12/05/24 1:56 PM,1ST / 5,74WPM,97.06%,16.491 SECS,"$2,398",653
12/05/24 2:00 PM,1ST / 5,71WPM,97.69%,22.075 SECS,"$2,442",672
12/05/24 2:00 PM,2ND / 5,67WPM,91.45%,20.869 SECS,"$2,224",594
12/05/24 2:01 PM,3RD / 5,56WPM,90.63%,27.423 SECS,"$2,092",552
12/05/24 2:02 PM,2ND / 5,57WPM,90.32%,26.039 SECS,"$2,204",574
12/05/24 2:02 PM,1ST / 5,65WPM,98.31%,21.729 SECS,"$2,430",660
12/05/24 2:03 PM,4TH / 5,63WPM,96.32%,25.886 SECS,"$2,021",561
12/05/24 2:04 PM,2ND / 5,61WPM,93.65%,24.972 SECS,"$52,212","1,582"
12/05/24 2:04 PM,4TH / 5,59WPM,96.43%,28.427 SECS,"$2,013",553
12/05/24 2:05 PM,2ND / 5,64WPM,96.27%,25.22 SECS,"$4,843","3,203"
12/05/24 2:06 PM,1ST / 5,71WPM,97.69%,21.965 SECS,"$4,362","2,592"
12/05/24 2:06 PM,3RD / 5,58WPM,100%,25.673 SECS,"$2,456",766
12/05/24 2:07 PM,1ST / 5,69WPM,100%,21.375 SECS,"$2,718",848
12/05/24 2:08 PM,2ND / 5,67WPM,96.3%,24.106 SECS,"$2,399",759
12/05/24 2:08 PM,4TH / 5,55WPM,93.55%,26.908 SECS,"$2,120",670
12/05/24 2:09 PM,1ST / 5,64WPM,93.89%,24.585 SECS,"$2,488",768
12/05/24 2:10 PM,3RD / 5,66WPM,96.32%,24.745 SECS,"$2,317",767
12/05/24 2:10 PM,2ND / 5,73WPM,97.83%,22.798 SECS,"$2,506",826
12/05/24 2:12 PM,1ST / 5,70WPM,96.88%,22.039 SECS,"$2,580",835
12/05/24 2:14 PM,1ST / 5,64WPM,99.22%,24.272 SECS,"$5,878","4,083"
12/06/24 8:01 AM,2ND / 5,64WPM,98.58%,26.458 SECS,"$2,368",663
12/06/24 8:03 AM,3RD / 5,66WPM,95.56%,24.685 SECS,"$2,137",587
12/06/24 8:30 AM,1ST / 5,71WPM,98.4%,21.093 SECS,"$2,442",672
12/06/24 8:31 AM,5TH / 5,59WPM,92.52%,30.042 SECS,"$1,878",518
12/06/24 8:32 AM,4TH / 5,64WPM,97.24%,27.36 SECS,"$2,048",573
12/06/24 8:33 AM,4TH / 5,57WPM,93.33%,31.793 SECS,"$1,984",534
12/06/24 8:36 AM,1ST / 5,68WPM,97.79%,24.029 SECS,"$2,436",666
12/06/24 8:53 AM,1ST / 5,66WPM,95.65%,24.986 SECS,"$2,357",627
12/06/24 9:08 AM,2ND / 5,65WPM,96.8%,23.21 SECS,"$7,370","5,715"
12/06/24 9:08 AM,5TH / 5,63WPM,93.38%,25.879 SECS,"$1,886",526
12/06/24 9:09 AM,3RD / 5,57WPM,92.97%,26.754 SECS,"$2,204",664
12/06/24 9:10 AM,3RD / 5,61WPM,92.86%,27.631 SECS,"$2,222",682
12/06/24 9:11 AM,2ND / 5,67WPM,97.16%,25.331 SECS,"$2,414",759
12/06/24 9:11 AM,5TH / 5,56WPM,92.06%,26.911 SECS,"$2,002",642
12/10/24 1:46 PM,2ND / 5,67WPM,96.32%,24.481 SECS,"$2,249",609
12/10/24 1:46 PM,4TH / 5,59WPM,94.29%,28.445 SECS,"$1,988",538
12/10/24 1:47 PM,1ST / 5,68WPM,99.26%,23.816 SECS,"$2,486",691
12/10/24 1:49 PM,1ST / 5,68WPM,95.68%,24.625 SECS,"$2,361",631
12/10/24 1:50 PM,4TH / 5,61WPM,94.37%,27.788 SECS,"$1,992",542
12/10/24 1:51 PM,4TH / 5,57WPM,97.58%,26.069 SECS,"$2,084",584
12/10/24 1:53 PM,1ST / 5,67WPM,98.39%,22.178 SECS,"$2,434",664
12/10/24 1:55 PM,4TH / 5,61WPM,96.38%,27.038 SECS,"$2,017",557
12/10/24 1:56 PM,1ST / 5,62WPM,97.64%,24.623 SECS,"$2,524",754
12/10/24 1:56 PM,1ST / 5,65WPM,97.04%,25.059 SECS,"$2,380",635
12/10/24 1:58 PM,2ND / 5,61WPM,96.09%,25.255 SECS,"$2,347",707
12/10/24 2:01 PM,1ST / 5,62WPM,100%,23.375 SECS,"$2,694",824
12/10/24 2:03 PM,3RD / 5,58WPM,98.43%,26.421 SECS,"$8,726","7,136"
12/10/24 2:04 PM,1ST / 5,65WPM,99.19%,22.552 SECS,"$5,830","4,035"
12/10/24 2:04 PM,1ST / 5,66WPM,93.38%,24.682 SECS,"$2,472",752
12/10/24 2:08 PM,3RD / 5,62WPM,96.95%,25.209 SECS,"$2,314",749
12/11/24 10:00 AM,2ND / 5,64WPM,97.67%,24.069 SECS,"$2,318",638
12/11/24 10:01 AM,1ST / 5,66WPM,95.93%,22.382 SECS,"$4,157","2,427"
12/11/24 10:01 AM,4TH / 5,53WPM,93.75%,28.882 SECS,"$1,976",526
12/11/24 10:04 AM,1ST / 5,75WPM,100%,20.904 SECS,"$2,600",730
12/11/24 10:04 AM,2ND / 5,74WPM,100%,21.443 SECS,"$2,488",708
12/11/24 10:05 AM,2ND / 5,61WPM,96.85%,24.924 SECS,"$52,262","1,607"
12/11/24 10:06 AM,1ST / 5,71WPM,98.44%,21.526 SECS,"$5,752","3,982"
12/11/24 10:06 AM,1ST / 5,68WPM,97.64%,22.427 SECS,"$2,536",766
12/11/24 10:07 AM,1ST / 5,69WPM,95.49%,23.289 SECS,"$2,458",738
12/11/24 10:08 AM,3RD / 5,59WPM,92.59%,27.367 SECS,"$5,438","3,898"
12/11/24 10:08 AM,5TH / 5,57WPM,96.45%,29.723 SECS,"$2,029",659
12/11/24 10:09 AM,1ST / 5,81WPM,98.56%,20.538 SECS,"$52,662","1,867"
12/11/24 9:41 AM,2ND / 5,60WPM,98.5%,26.474 SECS,"$2,310",630
12/11/24 9:42 AM,5TH / 5,57WPM,96.32%,28.581 SECS,"$1,899",529
12/11/24 9:59 AM,4TH / 5,61WPM,99.24%,26.042 SECS,"$2,142",617
12/12/24 1:13 PM,1ST / 5,67WPM,97.6%,22.341 SECS,"$2,434",664
12/12/24 7:44 AM,5TH / 5,57WPM,97.97%,31.159 SECS,"$1,974",564
12/12/24 7:45 AM,4TH / 5,62WPM,95.59%,26.49 SECS,"$2,019",559
12/12/24 7:45 AM,5TH / 5,57WPM,92.57%,30.98 SECS,"$1,874",514
12/12/24 7:46 AM,3RD / 5,61WPM,95.62%,26.981 SECS,"$2,127",577
12/12/24 7:47 AM,2ND / 5,57WPM,95.87%,25.652 SECS,"$2,229",589
12/12/24 7:48 AM,4TH / 5,59WPM,98.54%,27.818 SECS,"$2,138",613
12/12/24 7:54 AM,2ND / 5,69WPM,96.32%,23.807 SECS,"$2,253",613
12/12/24 7:55 AM,4TH / 5,59WPM,95.56%,27.508 SECS,"$2,013",553
12/12/24 7:55 AM,4TH / 5,55WPM,95.59%,29.93 SECS,"$2,005",545
12/12/24 7:56 AM,1ST / 5,65WPM,95.2%,22.922 SECS,"$4,930","3,210"
12/12/24 7:57 AM,2ND / 5,64WPM,95.38%,24.447 SECS,"$2,338",708
12/12/24 7:57 AM,1ST / 5,61WPM,99.19%,24.037 SECS,"$4,382","2,587"
12/12/24 7:59 AM,1ST / 5,69WPM,96.83%,21.783 SECS,"$5,718","3,973"
